{
  "metadata": {
    "component": "processor",
    "hash": "8dec2a830ddf2d27e08334b05c455182",
    "product": "Serum2",
    "productVersion": "2.0.21",
    "url": "https://xferrecords.com/",
    "vendor": "Xfer Records",
    "version": 8.0
  },
  "data": {
    "Arp0": {
      "plainParams": "default"
    },
    "ArpClip0": {
      "clip": {},
      "plainParams": "default"
    },
    "ArpClip1": {
      "clip": {},
      "plainParams": "default"
    },
    "ArpClip10": {
      "clip": {},
      "plainParams": "default"
    },
    "ArpClip11": {
      "clip": {},
      "plainParams": "default"
    },
    "ArpClip2": {
      "clip": {},
      "plainParams": "default"
    },
    "ArpClip3": {
      "clip": {},
      "plainParams": "default"
    },
    "ArpClip4": {
      "clip": {},
      "plainParams": "default"
    },
    "ArpClip5": {
      "clip": {},
      "plainParams": "default"
    },
    "ArpClip6": {
      "clip": {},
      "plainParams": "default"
    },
    "ArpClip7": {
      "clip": {},
      "plainParams": "default"
    },
    "ArpClip8": {
      "clip": {},
      "plainParams": "default"
    },
    "ArpClip9": {
      "clip": {},
      "plainParams": "default"
    },
    "ClipPlayer0": {
      "plainParams": "default"
    },
    "Env0": {
      "plainParams": {
        "kParamAttack": 0.003,
        "kParamDecay": 0.22,
        "kParamSustain": 0.15,
        "kParamRelease": 0.35
      }
    },
    "Env1": {
      "plainParams": "default"
    },
    "Env2": {
      "plainParams": "default"
    },
    "Env3": {
      "plainParams": "default"
    },
    "FXRack0": {
      "FX": [
        {
          "FXReverb": {
            "plainParams": {
              "kParamSize": 48.0,
              "kParamFeedback": 38.0,
              "kParamWet": 32.0,
              "kParamPreDelay": 0.006,
              "kParamFreq": 22.0,
              "kParamWidth": 88.0
            }
          },
          "type": 6
        },
        {
          "FXDelay": {
            "plainParams": {
              "kParamTimeR": 0.0285,
              "kParamFeedback": 42.0,
              "kParamWet": 28.0,
              "kParamOffsetL": 1.75,
              "kParamOffsetR": 1.25,
              "kParamBW": 12.0
            }
          },
          "type": 4
        }
      ],
      "plainParams": "default"
    },
    "FXRack1": {
      "FX": [],
      "plainParams": "default"
    },
    "FXRack2": {
      "FX": [],
      "plainParams": "default"
    },
    "Global0": {
      "plainParams": {
        "kParamMasterVolume": 0.7,
        "kParamPolyCount": 16.0
      }
    },
    "LFO0": {
      "curveData": {},
      "pathData": {},
      "plainParams": "default"
    },
    "LFO1": {
      "curveData": {},
      "pathData": {},
      "plainParams": "default"
    },
    "LFO2": {
      "curveData": {},
      "pathData": {},
      "plainParams": "default"
    },
    "LFO3": {
      "curveData": {},
      "pathData": {},
      "plainParams": "default"
    },
    "LFO4": {
      "curveData": {},
      "pathData": {},
      "plainParams": "default"
    },
    "LFO5": {
      "curveData": {},
      "pathData": {},
      "plainParams": "default"
    },
    "LFO6": {
      "curveData": {},
      "pathData": {},
      "plainParams": "default"
    },
    "LFO7": {
      "curveData": {},
      "pathData": {},
      "plainParams": "default"
    },
    "LFO8": {
      "curveData": {},
      "pathData": {},
      "plainParams": "default"
    },
    "LFO9": {
      "curveData": {},
      "pathData": {},
      "plainParams": "default"
    },
    "LFOPointModBus0": {
      "plainParams": "default"
    },
    "LFOPointModBus1": {
      "plainParams": "default"
    },
    "LFOPointModBus10": {
      "plainParams": "default"
    },
    "LFOPointModBus11": {
      "plainParams": "default"
    },
    "LFOPointModBus12": {
      "plainParams": "default"
    },
    "LFOPointModBus13": {
      "plainParams": "default"
    },
    "LFOPointModBus14": {
      "plainParams": "default"
    },
    "LFOPointModBus15": {
      "plainParams": "default"
    },
    "LFOPointModBus2": {
      "plainParams": "default"
    },
    "LFOPointModBus3": {
      "plainParams": "default"
    },
    "LFOPointModBus4": {
      "plainParams": "default"
    },
    "LFOPointModBus5": {
      "plainParams": "default"
    },
    "LFOPointModBus6": {
      "plainParams": "default"
    },
    "LFOPointModBus7": {
      "plainParams": "default"
    },
    "LFOPointModBus8": {
      "plainParams": "default"
    },
    "LFOPointModBus9": {
      "plainParams": "default"
    },
    "Macro0": {
      "plainParams": "default"
    },
    "Macro1": {
      "plainParams": "default"
    },
    "Macro2": {
      "plainParams": "default"
    },
    "Macro3": {
      "plainParams": "default"
    },
    "Macro4": {
      "plainParams": "default"
    },
    "Macro5": {
      "plainParams": "default"
    },
    "Macro6": {
      "plainParams": "default"
    },
    "Macro7": {
      "plainParams": "default"
    },
    "MidiClip0": {
      "clip": {},
      "plainParams": "default"
    },
    "MidiClip1": {
      "clip": {},
      "plainParams": "default"
    },
    "MidiClip10": {
      "clip": {},
      "plainParams": "default"
    },
    "MidiClip11": {
      "clip": {},
      "plainParams": "default"
    },
    "MidiClip2": {
      "clip": {},
      "plainParams": "default"
    },
    "MidiClip3": {
      "clip": {},
      "plainParams": "default"
    },
    "MidiClip4": {
      "clip": {},
      "plainParams": "default"
    },
    "MidiClip5": {
      "clip": {},
      "plainParams": "default"
    },
    "MidiClip6": {
      "clip": {},
      "plainParams": "default"
    },
    "MidiClip7": {
      "clip": {},
      "plainParams": "default"
    },
    "MidiClip8": {
      "clip": {},
      "plainParams": "default"
    },
    "MidiClip9": {
      "clip": {},
      "plainParams": "default"
    },
    "ModSlot0": {
      "plainParams": "default"
    },
    "ModSlot1": {
      "plainParams": "default"
    },
    "ModSlot10": {
      "plainParams": "default"
    },
    "ModSlot11": {
      "plainParams": "default"
    },
    "ModSlot12": {
      "plainParams": "default"
    },
    "ModSlot13": {
      "plainParams": "default"
    },
    "ModSlot14": {
      "plainParams": "default"
    },
    "ModSlot15": {
      "plainParams": "default"
    },
    "ModSlot16": {
      "plainParams": "default"
    },
    "ModSlot17": {
      "plainParams": "default"
    },
    "ModSlot18": {
      "plainParams": "default"
    },
    "ModSlot19": {
      "plainParams": "default"
    },
    "ModSlot2": {
      "plainParams": "default"
    },
    "ModSlot20": {
      "plainParams": "default"
    },
    "ModSlot21": {
      "plainParams": "default"
    },
    "ModSlot22": {
      "plainParams": "default"
    },
    "ModSlot23": {
      "plainParams": "default"
    },
    "ModSlot24": {
      "plainParams": "default"
    },
    "ModSlot25": {
      "plainParams": "default"
    },
    "ModSlot26": {
      "plainParams": "default"
    },
    "ModSlot27": {
      "plainParams": "default"
    },
    "ModSlot28": {
      "plainParams": "default"
    },
    "ModSlot29": {
      "plainParams": "default"
    },
    "ModSlot3": {
      "plainParams": "default"
    },
    "ModSlot30": {
      "plainParams": "default"
    },
    "ModSlot31": {
      "plainParams": "default"
    },
    "ModSlot32": {
      "plainParams": "default"
    },
    "ModSlot33": {
      "plainParams": "default"
    },
    "ModSlot34": {
      "plainParams": "default"
    },
    "ModSlot35": {
      "plainParams": "default"
    },
    "ModSlot36": {
      "plainParams": "default"
    },
    "ModSlot37": {
      "plainParams": "default"
    },
    "ModSlot38": {
      "plainParams": "default"
    },
    "ModSlot39": {
      "plainParams": "default"
    },
    "ModSlot4": {
      "plainParams": "default"
    },
    "ModSlot40": {
      "plainParams": "default"
    },
    "ModSlot41": {
      "plainParams": "default"
    },
    "ModSlot42": {
      "plainParams": "default"
    },
    "ModSlot43": {
      "plainParams": "default"
    },
    "ModSlot44": {
      "plainParams": "default"
    },
    "ModSlot45": {
      "plainParams": "default"
    },
    "ModSlot46": {
      "plainParams": "default"
    },
    "ModSlot47": {
      "plainParams": "default"
    },
    "ModSlot48": {
      "plainParams": "default"
    },
    "ModSlot49": {
      "plainParams": "default"
    },
    "ModSlot5": {
      "plainParams": "default"
    },
    "ModSlot50": {
      "plainParams": "default"
    },
    "ModSlot51": {
      "plainParams": "default"
    },
    "ModSlot52": {
      "plainParams": "default"
    },
    "ModSlot53": {
      "plainParams": "default"
    },
    "ModSlot54": {
      "plainParams": "default"
    },
    "ModSlot55": {
      "plainParams": "default"
    },
    "ModSlot56": {
      "plainParams": "default"
    },
    "ModSlot57": {
      "plainParams": "default"
    },
    "ModSlot58": {
      "plainParams": "default"
    },
    "ModSlot59": {
      "plainParams": "default"
    },
    "ModSlot6": {
      "plainParams": "default"
    },
    "ModSlot60": {
      "plainParams": "default"
    },
    "ModSlot61": {
      "plainParams": "default"
    },
    "ModSlot62": {
      "plainParams": "default"
    },
    "ModSlot63": {
      "plainParams": "default"
    },
    "ModSlot7": {
      "plainParams": "default"
    },
    "ModSlot8": {
      "plainParams": "default"
    },
    "ModSlot9": {
      "plainParams": "default"
    },
    "Oscillator0": {
      "GranularOsc0": {
        "plainParams": "default"
      },
      "MultiSampleOsc0": {
        "plainParams": "default"
      },
      "SampleOsc0": {
        "plainParams": "default"
      },
      "SpectralOsc0": {
        "plainParams": "default"
      },
      "WTOsc0": {
        "flex": {},
        "numChannels": 1,
        "numFrames": 18432,
        "plainParams": "default",
        "relativePathToWT": "S2 Tables/Default Shapes.wav",
        "sampleRate": 44100
      },
      "plainParams": {
        "kParamVolume": 0.85,
        "kParamUnison": 4.0,
        "kParamDetune": 0.18,
        "kParamDetuneWid": 72.0,
        "kParamPan": 0.5,
        "kParamFine": 0.0
      }
    },
    "Oscillator1": {
      "GranularOsc1": {
        "plainParams": "default"
      },
      "MultiSampleOsc1": {
        "plainParams": "default"
      },
      "SampleOsc1": {
        "plainParams": "default"
      },
      "SpectralOsc1": {
        "plainParams": "default"
      },
      "WTOsc1": {
        "flex": {},
        "numChannels": 1,
        "numFrames": 18432,
        "plainParams": "default",
        "relativePathToWT": "S2 Tables/Default Shapes.wav",
        "sampleRate": 44100
      },
      "plainParams": {
        "kParamVolume": 0.75,
        "kParamUnison": 4.0,
        "kParamDetune": 0.15,
        "kParamDetuneWid": 68.0,
        "kParamPan": 0.5,
        "kParamFine": 7.0
      }
    },
    "Oscillator2": {
      "GranularOsc2": {
        "plainParams": "default"
      },
      "MultiSampleOsc2": {
        "plainParams": "default"
      },
      "SampleOsc2": {
        "plainParams": "default"
      },
      "SpectralOsc2": {
        "plainParams": "default"
      },
      "WTOsc2": {
        "flex": {},
        "numChannels": 1,
        "numFrames": 18432,
        "plainParams": "default",
        "relativePathToWT": "S2 Tables/Default Shapes.wav",
        "sampleRate": 44100
      },
      "plainParams": "default"
    },
    "Oscillator3": {
      "NoiseOsc3": {
        "detuneFactor": 0.4758218478413068,
        "numChannels": 1,
        "numFrames": 78241,
        "plainParams": "default",
        "relativePathToNoiseSample": "Organics/AC hum1.wav",
        "sampleRate": 44100
      },
      "plainParams": "default"
    },
    "Oscillator4": {
      "SubOsc4": {
        "plainParams": "default"
      },
      "plainParams": "default"
    },
    "PitchQuantizer0": {
      "plainParams": "default",
      "scale": [
        0,
        2,
        0,
        2,
        0,
        0,
        2,
        0,
        2,
        0,
        2,
        0
      ],
      "scaleName": "Major"
    },
    "RetriggerState0": {
      "plainParams": "default"
    },
    "RoutingSlot0": {
      "plainParams": "default"
    },
    "RoutingSlot1": {
      "plainParams": "default"
    },
    "RoutingSlot2": {
      "plainParams": "default"
    },
    "RoutingSlot3": {
      "plainParams": "default"
    },
    "RoutingSlot4": {
      "plainParams": "default"
    },
    "RoutingSlot5": {
      "plainParams": "default"
    },
    "RoutingSlot6": {
      "plainParams": "default"
    },
    "VoiceFilter0": {
      "plainParams": "default"
    },
    "VoiceFilter1": {
      "plainParams": "default"
    },
    "VoicePanel0": {
      "plainParams": "default"
    },
    "component": "processor",
    "lockOversampling": false,
    "lockTuning": false,
    "mpeConfig": 0,
    "mpeEnabled": false,
    "mpePitchBendRange": 48,
    "product": "Serum2",
    "productVersion": "2.0.21",
    "scalars": {
      "note": {},
      "velo": {}
    },
    "tags": [
      "Wavetable",
      "Poly"
    ],
    "url": "https://xferrecords.com/",
    "vendor": "Xfer Records",
    "version": 8.0
  }
}