{
  "metadata": {
    "component": "processor",
    "hash": "5ff6cd1dd68eed398d560c8fedbe5458",
    "product": "Serum2",
    "productVersion": "2.0.19",
    "url": "https://xferrecords.com/",
    "vendor": "Xfer Records",
    "version": 7.0
  },
  "data": {
    "Arp0": {
      "plainParams": "default"
    },
    "ArpClip0": {
      "clip": {},
      "plainParams": "default"
    },
    "ArpClip1": {
      "clip": {},
      "plainParams": "default"
    },
    "ArpClip10": {
      "clip": {},
      "plainParams": "default"
    },
    "ArpClip11": {
      "clip": {},
      "plainParams": "default"
    },
    "ArpClip2": {
      "clip": {},
      "plainParams": "default"
    },
    "ArpClip3": {
      "clip": {},
      "plainParams": "default"
    },
    "ArpClip4": {
      "clip": {},
      "plainParams": "default"
    },
    "ArpClip5": {
      "clip": {},
      "plainParams": "default"
    },
    "ArpClip6": {
      "clip": {},
      "plainParams": "default"
    },
    "ArpClip7": {
      "clip": {},
      "plainParams": "default"
    },
    "ArpClip8": {
      "clip": {},
      "plainParams": "default"
    },
    "ArpClip9": {
      "clip": {},
      "plainParams": "default"
    },
    "ClipPlayer0": {
      "plainParams": "default"
    },
    "Env0": {
      "plainParams": {
        "kParamAttack": 0.0005153631860372539,
        "kParamCurve1": 40.00000059604645,
        "kParamCurve2": 60.00000238418579,
        "kParamCurve3": 60.00000238418579,
        "kParamDecay": 0.2588641227446334,
        "kParamRelease": 0.12341301112010404,
        "kParamSustain": 0.8114035129547119
      }
    },
    "Env1": {
      "plainParams": {
        "kParamAttack": 0.0005404960401801756,
        "kParamCurve1": 40.00000059604645,
        "kParamCurve2": 60.00000238418579,
        "kParamCurve3": 60.00000238418579,
        "kParamDecay": 0.18743981748940503,
        "kParamRelease": 0.03981713527249097,
        "kParamSustain": 0.0
      }
    },
    "Env2": {
      "plainParams": {
        "kParamAttack": 0.0005153631860372539,
        "kParamCurve1": 40.00000059604645,
        "kParamCurve2": 60.00000238418579,
        "kParamCurve3": 60.00000238418579,
        "kParamRelease": 0.014700845522658537
      }
    },
    "Env3": {
      "plainParams": "default"
    },
    "FXRack0": {
      "FX": [
        {
          "FXEQ": {
            "plainParams": {
              "kParamFreq1": 133.71141590910443,
              "kParamFreq2": 2040.5360638259378,
              "kParamGain2": 2.1052637100219727,
              "kParamReso1": 60.00000238418579,
              "kParamReso2": 60.00000238418579
            }
          },
          "type": 7
        },
        {
          "FXDelay": {
            "plainParams": {
              "kParamBW": 6.750000089406967,
              "kParamFeedback": 57.26315379142761,
              "kParamOffsetL": 1.5,
              "kParamOffsetR": 1.5,
              "kParamTimeR": 0.03424938006699085,
              "kParamWet": 48.859649896621704
            }
          },
          "type": 4
        },
        {
          "FXComp": {
            "plainParams": {
              "kParamAttack": 90.09100715319826,
              "kParamCompensatedWetDry": 0.0,
              "kParamGain0": 4.600000000000001,
              "kParamGain2": 4.600000000000001,
              "kParamMakeup": 1.4880225673160221,
              "kParamRatioBelow": 0.75,
              "kParamRelease": 89.92907295688329,
              "kParamThresh": 0.5570175051689148
            }
          },
          "type": 5
        },
        {
          "FXReverb": {
            "plainParams": {
              "kParamDelay": 0.0,
              "kParamFeedback": 38.087719678878784,
              "kParamFreq": 20.17543911933899,
              "kParamFreqB": 42.54385828971863,
              "kParamPreDelay": 0.00285380861623796,
              "kParamSize": 48.350879549980164,
              "kParamWet": 36.07017695903778,
              "kParamWidth": 100.0
            }
          },
          "type": 6
        }
      ],
      "plainParams": "default"
    },
    "FXRack1": {
      "FX": [],
      "plainParams": "default"
    },
    "FXRack2": {
      "FX": [],
      "plainParams": "default"
    },
    "Global0": {
      "plainParams": {
        "kParamLimitSameNotePolyphony": 1.0,
        "kParamMasterVolume": 0.29297234014183177,
        "kParamModWheel": 51.18110179901123,
        "kParamOversampling": 2.0,
        "kParamPolyCount": 16.0,
        "kParamProgram": 32.0,
        "kParamS1Compatibility": 1.0
      }
    },
    "LFO0": {
      "curveData": {
        "curveVals": [
          0.4999999701976776,
          0.4999999701976776,
          0.4999999701976776
        ],
        "loopbackPointNum": 65,
        "numPoints": 2,
        "xVals": [
          0.0,
          0.5,
          1.0
        ],
        "yVals": [
          1.0,
          0.0,
          1.0
        ]
      },
      "pathData": {},
      "plainParams": {
        "kParamDefaultMode": 0.0,
        "kParamMode": "Free"
      }
    },
    "LFO1": {
      "curveData": {
        "curveVals": [
          0.4999999701976776,
          0.4999999701976776,
          0.4999999701976776
        ],
        "loopbackPointNum": 65,
        "numPoints": 2,
        "xVals": [
          0.0,
          0.5,
          1.0
        ],
        "yVals": [
          1.0,
          0.0,
          1.0
        ]
      },
      "pathData": {},
      "plainParams": {
        "kParamDefaultMode": 0.0,
        "kParamMode": "Free"
      }
    },
    "LFO2": {
      "curveData": {
        "curveVals": [
          0.4999999701976776,
          0.4999999701976776,
          0.4999999701976776
        ],
        "loopbackPointNum": 65,
        "numPoints": 2,
        "xVals": [
          0.0,
          0.5,
          1.0
        ],
        "yVals": [
          1.0,
          0.0,
          1.0
        ]
      },
      "pathData": {},
      "plainParams": {
        "kParamDefaultMode": 0.0,
        "kParamMode": "Free",
        "kParamRate": 0.029974068329690337
      }
    },
    "LFO3": {
      "curveData": {
        "curveVals": [
          0.4999999701976776,
          0.4999999701976776,
          0.4999999701976776
        ],
        "loopbackPointNum": 65,
        "numPoints": 2,
        "xVals": [
          0.0,
          0.5,
          1.0
        ],
        "yVals": [
          1.0,
          0.0,
          1.0
        ]
      },
      "pathData": {},
      "plainParams": {
        "kParamDefaultMode": 0.0,
        "kParamMode": "Free"
      }
    },
    "LFO4": {
      "curveData": {},
      "pathData": {},
      "plainParams": {
        "kParamDefaultMode": 0.0,
        "kParamMode": "Free"
      }
    },
    "LFO5": {
      "curveData": {},
      "pathData": {},
      "plainParams": {
        "kParamDefaultMode": 0.0,
        "kParamMode": "Free"
      }
    },
    "LFO6": {
      "curveData": {},
      "pathData": {},
      "plainParams": {
        "kParamDefaultMode": 0.0,
        "kParamMode": "Free"
      }
    },
    "LFO7": {
      "curveData": {},
      "pathData": {},
      "plainParams": {
        "kParamDefaultMode": 0.0,
        "kParamMode": "Free"
      }
    },
    "LFO8": {
      "curveData": {},
      "pathData": {},
      "plainParams": {
        "kParamBeatSync": 0.0,
        "kParamDefaultMode": 0.0,
        "kParamDotted": 1.0,
        "kParamRate": 0.10000069729266844,
        "kParamRate10x": 1.0,
        "kParamTriplets": 1.0,
        "kParamType": "Lorenz"
      }
    },
    "LFO9": {
      "curveData": {},
      "pathData": {},
      "plainParams": {
        "kParamBeatSync": 0.0,
        "kParamDefaultMode": 0.0,
        "kParamDotted": 1.0,
        "kParamRate": 0.10000069729266844,
        "kParamRate10x": 1.0,
        "kParamTriplets": 1.0,
        "kParamType": "Rossler"
      }
    },
    "LFOPointModBus0": {
      "plainParams": "default"
    },
    "LFOPointModBus1": {
      "plainParams": "default"
    },
    "LFOPointModBus10": {
      "plainParams": "default"
    },
    "LFOPointModBus11": {
      "plainParams": "default"
    },
    "LFOPointModBus12": {
      "plainParams": "default"
    },
    "LFOPointModBus13": {
      "plainParams": "default"
    },
    "LFOPointModBus14": {
      "plainParams": "default"
    },
    "LFOPointModBus15": {
      "plainParams": "default"
    },
    "LFOPointModBus2": {
      "plainParams": "default"
    },
    "LFOPointModBus3": {
      "plainParams": "default"
    },
    "LFOPointModBus4": {
      "plainParams": "default"
    },
    "LFOPointModBus5": {
      "plainParams": "default"
    },
    "LFOPointModBus6": {
      "plainParams": "default"
    },
    "LFOPointModBus7": {
      "plainParams": "default"
    },
    "LFOPointModBus8": {
      "plainParams": "default"
    },
    "LFOPointModBus9": {
      "plainParams": "default"
    },
    "Macro0": {
      "plainParams": "default"
    },
    "Macro1": {
      "plainParams": "default"
    },
    "Macro2": {
      "plainParams": "default"
    },
    "Macro3": {
      "plainParams": "default"
    },
    "Macro4": {
      "plainParams": "default"
    },
    "Macro5": {
      "plainParams": "default"
    },
    "Macro6": {
      "plainParams": "default"
    },
    "Macro7": {
      "plainParams": "default"
    },
    "MidiClip0": {
      "clip": {},
      "plainParams": "default"
    },
    "MidiClip1": {
      "clip": {},
      "plainParams": "default"
    },
    "MidiClip10": {
      "clip": {},
      "plainParams": "default"
    },
    "MidiClip11": {
      "clip": {},
      "plainParams": "default"
    },
    "MidiClip2": {
      "clip": {},
      "plainParams": "default"
    },
    "MidiClip3": {
      "clip": {},
      "plainParams": "default"
    },
    "MidiClip4": {
      "clip": {},
      "plainParams": "default"
    },
    "MidiClip5": {
      "clip": {},
      "plainParams": "default"
    },
    "MidiClip6": {
      "clip": {},
      "plainParams": "default"
    },
    "MidiClip7": {
      "clip": {},
      "plainParams": "default"
    },
    "MidiClip8": {
      "clip": {},
      "plainParams": "default"
    },
    "MidiClip9": {
      "clip": {},
      "plainParams": "default"
    },
    "ModSlot0": {
      "destModuleID": 0,
      "destModuleParamID": 3,
      "destModuleParamName": "kParamFreq",
      "destModuleTypeString": "VoiceFilter",
      "plainParams": {
        "kParamAmount": 25.15789270401001
      },
      "source": [
        3,
        0
      ]
    },
    "ModSlot1": {
      "destModuleID": 1,
      "destModuleParamID": 27,
      "destModuleParamName": "kParamDetuneWid",
      "destModuleTypeString": "Oscillator",
      "plainParams": {
        "kParamAmount": 62.29783296585083
      },
      "source": [
        8,
        0
      ]
    },
    "ModSlot10": {
      "plainParams": "default"
    },
    "ModSlot11": {
      "plainParams": "default"
    },
    "ModSlot12": {
      "plainParams": "default"
    },
    "ModSlot13": {
      "plainParams": "default"
    },
    "ModSlot14": {
      "plainParams": "default"
    },
    "ModSlot15": {
      "plainParams": "default"
    },
    "ModSlot16": {
      "plainParams": "default"
    },
    "ModSlot17": {
      "plainParams": "default"
    },
    "ModSlot18": {
      "plainParams": "default"
    },
    "ModSlot19": {
      "plainParams": "default"
    },
    "ModSlot2": {
      "destModuleID": 0,
      "destModuleParamID": 27,
      "destModuleParamName": "kParamDetuneWid",
      "destModuleTypeString": "Oscillator",
      "plainParams": {
        "kParamAmount": -50.56140422821045
      },
      "source": [
        8,
        0
      ]
    },
    "ModSlot20": {
      "plainParams": "default"
    },
    "ModSlot21": {
      "plainParams": "default"
    },
    "ModSlot22": {
      "plainParams": "default"
    },
    "ModSlot23": {
      "plainParams": "default"
    },
    "ModSlot24": {
      "plainParams": "default"
    },
    "ModSlot25": {
      "plainParams": "default"
    },
    "ModSlot26": {
      "plainParams": "default"
    },
    "ModSlot27": {
      "plainParams": "default"
    },
    "ModSlot28": {
      "plainParams": "default"
    },
    "ModSlot29": {
      "plainParams": "default"
    },
    "ModSlot3": {
      "destModuleID": 0,
      "destModuleParamID": 3,
      "destModuleParamName": "kParamFreq",
      "destModuleTypeString": "VoiceFilter",
      "plainParams": {
        "kParamAmount": 92.99999475479126,
        "kParamBipolar": 1.0
      },
      "source": [
        1,
        0
      ]
    },
    "ModSlot30": {
      "plainParams": "default"
    },
    "ModSlot31": {
      "plainParams": "default"
    },
    "ModSlot32": {
      "plainParams": "default"
    },
    "ModSlot33": {
      "plainParams": "default"
    },
    "ModSlot34": {
      "plainParams": "default"
    },
    "ModSlot35": {
      "plainParams": "default"
    },
    "ModSlot36": {
      "plainParams": "default"
    },
    "ModSlot37": {
      "plainParams": "default"
    },
    "ModSlot38": {
      "plainParams": "default"
    },
    "ModSlot39": {
      "plainParams": "default"
    },
    "ModSlot4": {
      "plainParams": "default"
    },
    "ModSlot40": {
      "plainParams": "default"
    },
    "ModSlot41": {
      "plainParams": "default"
    },
    "ModSlot42": {
      "plainParams": "default"
    },
    "ModSlot43": {
      "plainParams": "default"
    },
    "ModSlot44": {
      "plainParams": "default"
    },
    "ModSlot45": {
      "plainParams": "default"
    },
    "ModSlot46": {
      "plainParams": "default"
    },
    "ModSlot47": {
      "plainParams": "default"
    },
    "ModSlot48": {
      "plainParams": "default"
    },
    "ModSlot49": {
      "plainParams": "default"
    },
    "ModSlot5": {
      "plainParams": "default"
    },
    "ModSlot50": {
      "plainParams": "default"
    },
    "ModSlot51": {
      "plainParams": "default"
    },
    "ModSlot52": {
      "plainParams": "default"
    },
    "ModSlot53": {
      "plainParams": "default"
    },
    "ModSlot54": {
      "plainParams": "default"
    },
    "ModSlot55": {
      "plainParams": "default"
    },
    "ModSlot56": {
      "plainParams": "default"
    },
    "ModSlot57": {
      "plainParams": "default"
    },
    "ModSlot58": {
      "plainParams": "default"
    },
    "ModSlot59": {
      "plainParams": "default"
    },
    "ModSlot6": {
      "plainParams": "default"
    },
    "ModSlot60": {
      "plainParams": "default"
    },
    "ModSlot61": {
      "plainParams": "default"
    },
    "ModSlot62": {
      "plainParams": "default"
    },
    "ModSlot63": {
      "plainParams": "default"
    },
    "ModSlot7": {
      "plainParams": "default"
    },
    "ModSlot8": {
      "plainParams": "default"
    },
    "ModSlot9": {
      "plainParams": "default"
    },
    "Oscillator0": {
      "GranularOsc0": {
        "plainParams": "default"
      },
      "MultiSampleOsc0": {
        "plainParams": "default"
      },
      "SampleOsc0": {
        "plainParams": "default"
      },
      "SpectralOsc0": {
        "plainParams": "default"
      },
      "WTOsc0": {
        "flex": {
          "curveVals": [
            0.4999999701976776,
            0.4999999701976776
          ],
          "numPoints": 1,
          "xVals": [
            0.0,
            1.0
          ],
          "yVals": [
            1.0,
            0.0
          ]
        },
        "numChannels": 1,
        "numFrames": 14336,
        "plainParams": {
          "kParamTablePos": 61.39474964141846
        },
        "relativePathToWT": "Analog/Basic Shapes.wav",
        "sampleRate": 44100
      },
      "plainParams": {
        "kParamDetune": 0.23276396318192472,
        "kParamDetuneWid": 71.9298243522644,
        "kParamFine": -6.25,
        "kParamUnison": 8.0,
        "kParamVolume": 0.5559403142697192
      }
    },
    "Oscillator1": {
      "GranularOsc1": {
        "plainParams": "default"
      },
      "MultiSampleOsc1": {
        "plainParams": "default"
      },
      "SampleOsc1": {
        "plainParams": "default"
      },
      "SpectralOsc1": {
        "plainParams": "default"
      },
      "WTOsc1": {
        "flex": {
          "curveVals": [
            0.4999999701976776,
            0.4999999701976776
          ],
          "numPoints": 1,
          "xVals": [
            0.0,
            1.0
          ],
          "yVals": [
            1.0,
            0.0
          ]
        },
        "numChannels": 1,
        "numFrames": 14336,
        "plainParams": {
          "kParamTablePos": 61.39474964141846
        },
        "relativePathToWT": "Analog/Basic Shapes.wav",
        "sampleRate": 44100
      },
      "plainParams": {
        "kParamDetune": 0.19236687844846756,
        "kParamDetuneMode": "kDetuneSuper",
        "kParamDetuneWid": 20.158305764198303,
        "kParamEnable": 1.0,
        "kParamFine": 6.25,
        "kParamUnison": 8.0
      }
    },
    "Oscillator2": {
      "GranularOsc2": {
        "plainParams": "default"
      },
      "MultiSampleOsc2": {
        "plainParams": "default"
      },
      "SampleOsc2": {
        "plainParams": "default"
      },
      "SpectralOsc2": {
        "plainParams": "default"
      },
      "WTOsc2": {
        "flex": {},
        "numChannels": 1,
        "numFrames": 18432,
        "plainParams": "default",
        "relativePathToWT": "S2 Tables/Default Shapes.wav",
        "sampleRate": 44100
      },
      "plainParams": "default"
    },
    "Oscillator3": {
      "NoiseOsc3": {
        "detuneFactor": 0.4758218478413068,
        "numChannels": 1,
        "numFrames": 79360,
        "plainParams": "default",
        "relativePathToNoiseSample": "Analog/J106 HP.wav",
        "sampleRate": 44100
      },
      "plainParams": {
        "kParamEnable": 1.0,
        "kParamVolume": 0.09158587732308465
      }
    },
    "Oscillator4": {
      "SubOsc4": {
        "plainParams": "default"
      },
      "plainParams": {
        "kParamVolume": 0.5625
      }
    },
    "PitchQuantizer0": {
      "plainParams": "default",
      "scale": [
        0,
        2,
        0,
        2,
        0,
        0,
        2,
        0,
        2,
        0,
        2,
        0
      ],
      "scaleName": "Major"
    },
    "RetriggerState0": {
      "plainParams": "default"
    },
    "RoutingSlot0": {
      "plainParams": "default"
    },
    "RoutingSlot1": {
      "plainParams": {
        "kParamRoutingDest": "kRoutingDestFilter"
      }
    },
    "RoutingSlot2": {
      "plainParams": "default"
    },
    "RoutingSlot3": {
      "plainParams": {
        "kParamRoutingDest": "kRoutingDestFilter"
      }
    },
    "RoutingSlot4": {
      "plainParams": "default"
    },
    "RoutingSlot5": {
      "plainParams": "default"
    },
    "RoutingSlot6": {
      "plainParams": "default"
    },
    "VoiceFilter0": {
      "plainParams": {
        "kParamDrive": 25.0,
        "kParamEnable": 1.0,
        "kParamFreq": 0.5059955716133118,
        "kParamReso": 22.047244012355804
      }
    },
    "VoiceFilter1": {
      "plainParams": "default"
    },
    "VoicePanel0": {
      "plainParams": "default"
    },
    "component": "processor",
    "lockOversampling": false,
    "lockTuning": false,
    "mpeConfig": 0,
    "mpeEnabled": false,
    "mpePitchBendRange": 48,
    "product": "Serum2",
    "productVersion": "2.0.19",
    "scalars": {
      "note": {
        "curveVals": [
          0.4999999701976776,
          0.4999999701976776
        ],
        "legato": false,
        "numPoints": 1,
        "xVals": [
          0.0,
          1.0
        ],
        "yVals": [
          1.0,
          0.0
        ]
      },
      "velo": {
        "curveVals": [
          0.4999999701976776,
          0.4999999701976776
        ],
        "legato": false,
        "numPoints": 1,
        "xVals": [
          0.0,
          1.0
        ],
        "yVals": [
          1.0,
          0.0
        ]
      }
    },
    "tags": [
      "Wavetable",
      "Poly"
    ],
    "url": "https://xferrecords.com/",
    "vendor": "Xfer Records",
    "version": 7.0
  }
}