{
  "metadata": {
    "component": "processor",
    "hash": "8dec2a830ddf2d27e08334b05c455182",
    "product": "Serum2",
    "productVersion": "2.0.21",
    "url": "https://xferrecords.com/",
    "vendor": "Xfer Records",
    "version": 8.0
  },
  "data": {
    "Arp0": {
      "plainParams": "default"
    },
    "ArpClip0": {
      "clip": {},
      "plainParams": "default"
    },
    "ArpClip1": {
      "clip": {},
      "plainParams": "default"
    },
    "ArpClip10": {
      "clip": {},
      "plainParams": "default"
    },
    "ArpClip11": {
      "clip": {},
      "plainParams": "default"
    },
    "ArpClip2": {
      "clip": {},
      "plainParams": "default"
    },
    "ArpClip3": {
      "clip": {},
      "plainParams": "default"
    },
    "ArpClip4": {
      "clip": {},
      "plainParams": "default"
    },
    "ArpClip5": {
      "clip": {},
      "plainParams": "default"
    },
    "ArpClip6": {
      "clip": {},
      "plainParams": "default"
    },
    "ArpClip7": {
      "clip": {},
      "plainParams": "default"
    },
    "ArpClip8": {
      "clip": {},
      "plainParams": "default"
    },
    "ArpClip9": {
      "clip": {},
      "plainParams": "default"
    },
    "ClipPlayer0": {
      "plainParams": "default"
    },
    "Env0": {
      "plainParams": {
        "kParamAttack": 0.0005,
        "kParamDecay": 1.0,
        "kParamSustain": 1.0,
        "kParamRelease": 0.015
      }
    },
    "Env1": {
      "plainParams": "default"
    },
    "Env2": {
      "plainParams": "default"
    },
    "Env3": {
      "plainParams": "default"
    },
    "FXRack0": {
      "FX": [
        {
          "type": 4.063229428357305,
          "FXDelay": {
            "type": "[n]vps://x-combobulate-default/fxdelay",
            "plainParams": {
              "type": "Sync",
              "kparamOffsetL": 1.5473431031041078,
              "kparamOffsetR": 1.4712476995704074,
              "kParamMode": "Cross",
              "kParamFeedback": 47.50133836592148,
              "kParamTight": 1.0,
              "kparamHpfON": 0.0,
              "kparamHpFreq": 0.7011203965277686,
              "kparamFreq": 10490.440284820386,
              "kParamTimeS": 0.27604817345679444,
              "kParamTimeR": 0.5842056395020937,
              "kParamLdEnh": 0.8994666008536991,
              "kParamDamp": 78.69187246459077,
              "kParamWet": 45.83986398941593,
              "kParamDW": 0.0,
              "kParamEnable": 0.9774670478003126,
              "kParamOn": 0.9571624233471604
            }
          }
        },
        {
          "type": 6.033783553315394,
          "FXReverb": {
            "type": "[n]vps://x-combobulate-default/fxreverb",
            "plainParams": {
              "kParamSize": 59.1466275320255,
              "kParamFreq": 0.0,
              "kParamFreqRange": 17.85394130368516,
              "kParamFeedback": 57.073726819611466,
              "kParamDiffusion": 44.25136405723226,
              "kParamDecayTime": 86.74455108121008,
              "kparamLPF_ON": 1.0,
              "kParamLPF_Freq": 42.35534671443527,
              "kParamLPF_Reso": 20.589101074532515,
              "kParamDecayModFreq": 0.0,
              "kParamDecayModAmt": 18.433761957321032,
              "kParamWidth": 56.88926262135154,
              "kParamLowCross": 195.2735052185394,
              "kparamDelayVol": 24.253678665135467,
              "kParamPreDelayTime": 10.304980807531235,
              "kParamRoomVol": 0.0,
              "kParamWet": 35.9825439489461,
              "kParamDW": 10.452642482209784,
              "kParamEnable": 0.9697533847193727,
              "kParamOn": 1.0
            }
          }
        }
      ],
      "plainParams": "default"
    },
    "FXRack1": {
      "FX": [],
      "plainParams": "default"
    },
    "FXRack2": {
      "FX": [],
      "plainParams": "default"
    },
    "Global0": {
      "plainParams": {
        "kParamMasterVolume": 0.7869156375016539,
        "kParamPolyCount": 15.663793827302607
      }
    },
    "LFO0": {
      "curveData": {},
      "pathData": {},
      "plainParams": "default"
    },
    "LFO1": {
      "curveData": {
        "numPoints": 15.995217026844362,
        "xVals": [
          0.0,
          0.061980296873245244,
          0.128593657518516,
          0.18026492697044913,
          0.24923266738672725,
          0.30646480952960414,
          0.3874585145497014,
          0.44549376566448307,
          0.5229699555248931,
          0.5415282349291647,
          0.6206051270147996,
          0.7012073733310594,
          0.7718164699556378,
          0.8121465972230045,
          0.8820363573387837,
          0.9417029540821653,
          0.9970047749764397
        ],
        "yVals": [
          0.9816414871094088,
          0.4160951807399537,
          0.3843951518483746,
          0.9298975106613139,
          0.0,
          0.0,
          0.9664479683245305,
          0.0,
          0.3064492810931321,
          0.6888923718003234,
          1.0,
          0.620710066566644,
          0.2982218831610185,
          0.0,
          1.0,
          0.8006424968961925,
          1.0
        ],
        "curveVals": [
          0.5045691016583368,
          0.4960076192956772,
          0.5068901450270649,
          0.4911371179613383,
          0.4789477726531738,
          0.5210282752547201,
          0.5206851055092255,
          0.5142001155717497,
          0.4758805176773688,
          0.49635198462930286,
          0.49111461978676146,
          0.4936215092531334,
          0.5205236977426214,
          0.4984264355752338,
          0.47542275438524534,
          0.5054435855949303,
          0.49777227403957325
        ],
        "loopbackPointNum": 65.55367429407919
      },
      "pathData": {},
      "plainParams": {
        "kParamDefaultMode": 0.0,
        "kParamMode": "Free",
        "kParamRate": 8.0
      }
    },
    "LFO2": {
      "curveData": {},
      "pathData": {},
      "plainParams": "default"
    },
    "LFO3": {
      "curveData": {},
      "pathData": {},
      "plainParams": "default"
    },
    "LFO4": {
      "curveData": {},
      "pathData": {},
      "plainParams": "default"
    },
    "LFO5": {
      "curveData": {},
      "pathData": {},
      "plainParams": "default"
    },
    "LFO6": {
      "curveData": {},
      "pathData": {},
      "plainParams": "default"
    },
    "LFO7": {
      "curveData": {},
      "pathData": {},
      "plainParams": "default"
    },
    "LFO8": {
      "curveData": {},
      "pathData": {},
      "plainParams": "default"
    },
    "LFO9": {
      "curveData": {},
      "pathData": {},
      "plainParams": "default"
    },
    "LFOPointModBus0": {
      "plainParams": "default"
    },
    "LFOPointModBus1": {
      "plainParams": "default"
    },
    "LFOPointModBus10": {
      "plainParams": "default"
    },
    "LFOPointModBus11": {
      "plainParams": "default"
    },
    "LFOPointModBus12": {
      "plainParams": "default"
    },
    "LFOPointModBus13": {
      "plainParams": "default"
    },
    "LFOPointModBus14": {
      "plainParams": "default"
    },
    "LFOPointModBus15": {
      "plainParams": "default"
    },
    "LFOPointModBus2": {
      "plainParams": "default"
    },
    "LFOPointModBus3": {
      "plainParams": "default"
    },
    "LFOPointModBus4": {
      "plainParams": "default"
    },
    "LFOPointModBus5": {
      "plainParams": "default"
    },
    "LFOPointModBus6": {
      "plainParams": "default"
    },
    "LFOPointModBus7": {
      "plainParams": "default"
    },
    "LFOPointModBus8": {
      "plainParams": "default"
    },
    "LFOPointModBus9": {
      "plainParams": "default"
    },
    "Macro0": {
      "plainParams": "default"
    },
    "Macro1": {
      "plainParams": "default"
    },
    "Macro2": {
      "plainParams": "default"
    },
    "Macro3": {
      "plainParams": "default"
    },
    "Macro4": {
      "plainParams": "default"
    },
    "Macro5": {
      "plainParams": "default"
    },
    "Macro6": {
      "plainParams": "default"
    },
    "Macro7": {
      "plainParams": "default"
    },
    "MidiClip0": {
      "clip": {},
      "plainParams": "default"
    },
    "MidiClip1": {
      "clip": {},
      "plainParams": "default"
    },
    "MidiClip10": {
      "clip": {},
      "plainParams": "default"
    },
    "MidiClip11": {
      "clip": {},
      "plainParams": "default"
    },
    "MidiClip2": {
      "clip": {},
      "plainParams": "default"
    },
    "MidiClip3": {
      "clip": {},
      "plainParams": "default"
    },
    "MidiClip4": {
      "clip": {},
      "plainParams": "default"
    },
    "MidiClip5": {
      "clip": {},
      "plainParams": "default"
    },
    "MidiClip6": {
      "clip": {},
      "plainParams": "default"
    },
    "MidiClip7": {
      "clip": {},
      "plainParams": "default"
    },
    "MidiClip8": {
      "clip": {},
      "plainParams": "default"
    },
    "MidiClip9": {
      "clip": {},
      "plainParams": "default"
    },
    "ModSlot0": {
      "source": [
        7.348408519411324,
        0.0
      ],
      "destModuleTypeString": "VoiceFilter",
      "destModuleID": 0.0,
      "destModuleParamName": "kParamReso",
      "destModuleParamID": 14.867034795019615,
      "plainParams": {
        "kParamAmount": 29.199120977471047
      }
    },
    "ModSlot1": {
      "plainParams": "default"
    },
    "ModSlot10": {
      "plainParams": "default"
    },
    "ModSlot11": {
      "plainParams": "default"
    },
    "ModSlot12": {
      "plainParams": "default"
    },
    "ModSlot13": {
      "plainParams": "default"
    },
    "ModSlot14": {
      "plainParams": "default"
    },
    "ModSlot15": {
      "plainParams": "default"
    },
    "ModSlot16": {
      "plainParams": "default"
    },
    "ModSlot17": {
      "plainParams": "default"
    },
    "ModSlot18": {
      "plainParams": "default"
    },
    "ModSlot19": {
      "plainParams": "default"
    },
    "ModSlot2": {
      "plainParams": "default"
    },
    "ModSlot20": {
      "plainParams": "default"
    },
    "ModSlot21": {
      "plainParams": "default"
    },
    "ModSlot22": {
      "plainParams": "default"
    },
    "ModSlot23": {
      "plainParams": "default"
    },
    "ModSlot24": {
      "plainParams": "default"
    },
    "ModSlot25": {
      "plainParams": "default"
    },
    "ModSlot26": {
      "plainParams": "default"
    },
    "ModSlot27": {
      "plainParams": "default"
    },
    "ModSlot28": {
      "plainParams": "default"
    },
    "ModSlot29": {
      "plainParams": "default"
    },
    "ModSlot3": {
      "plainParams": "default"
    },
    "ModSlot30": {
      "plainParams": "default"
    },
    "ModSlot31": {
      "plainParams": "default"
    },
    "ModSlot32": {
      "plainParams": "default"
    },
    "ModSlot33": {
      "plainParams": "default"
    },
    "ModSlot34": {
      "plainParams": "default"
    },
    "ModSlot35": {
      "plainParams": "default"
    },
    "ModSlot36": {
      "plainParams": "default"
    },
    "ModSlot37": {
      "plainParams": "default"
    },
    "ModSlot38": {
      "plainParams": "default"
    },
    "ModSlot39": {
      "plainParams": "default"
    },
    "ModSlot4": {
      "plainParams": "default"
    },
    "ModSlot40": {
      "plainParams": "default"
    },
    "ModSlot41": {
      "plainParams": "default"
    },
    "ModSlot42": {
      "plainParams": "default"
    },
    "ModSlot43": {
      "plainParams": "default"
    },
    "ModSlot44": {
      "plainParams": "default"
    },
    "ModSlot45": {
      "plainParams": "default"
    },
    "ModSlot46": {
      "plainParams": "default"
    },
    "ModSlot47": {
      "plainParams": "default"
    },
    "ModSlot48": {
      "plainParams": "default"
    },
    "ModSlot49": {
      "plainParams": "default"
    },
    "ModSlot5": {
      "plainParams": "default"
    },
    "ModSlot50": {
      "plainParams": "default"
    },
    "ModSlot51": {
      "plainParams": "default"
    },
    "ModSlot52": {
      "plainParams": "default"
    },
    "ModSlot53": {
      "plainParams": "default"
    },
    "ModSlot54": {
      "plainParams": "default"
    },
    "ModSlot55": {
      "plainParams": "default"
    },
    "ModSlot56": {
      "plainParams": "default"
    },
    "ModSlot57": {
      "plainParams": "default"
    },
    "ModSlot58": {
      "plainParams": "default"
    },
    "ModSlot59": {
      "plainParams": "default"
    },
    "ModSlot6": {
      "plainParams": "default"
    },
    "ModSlot60": {
      "plainParams": "default"
    },
    "ModSlot61": {
      "plainParams": "default"
    },
    "ModSlot62": {
      "plainParams": "default"
    },
    "ModSlot63": {
      "plainParams": "default"
    },
    "ModSlot7": {
      "plainParams": "default"
    },
    "ModSlot8": {
      "plainParams": "default"
    },
    "ModSlot9": {
      "plainParams": "default"
    },
    "Oscillator0": {
      "GranularOsc0": {
        "plainParams": "default"
      },
      "MultiSampleOsc0": {
        "plainParams": "default"
      },
      "SampleOsc0": {
        "plainParams": "default"
      },
      "SpectralOsc0": {
        "plainParams": "default"
      },
      "WTOsc0": {
        "flex": {},
        "numChannels": 1,
        "numFrames": 18432,
        "plainParams": "default",
        "relativePathToWT": "S2 Tables/Default Shapes.wav",
        "sampleRate": 44100
      },
      "plainParams": {
        "kParamVolume": 0.6098053075628683,
        "kParamTuning": 4.617199283478438,
        "kParamUnison": 5.141000850088464,
        "kParamDetune": 0.14969049917939142,
        "kParamPan": 0.363180884305051,
        "kParamDetuneWid": 57.22232779293861,
        "kParamPhase": 1.86920482988952
      }
    },
    "Oscillator1": {
      "GranularOsc1": {
        "plainParams": "default"
      },
      "MultiSampleOsc1": {
        "plainParams": "default"
      },
      "SampleOsc1": {
        "plainParams": "default"
      },
      "SpectralOsc1": {
        "plainParams": "default"
      },
      "WTOsc1": {
        "flex": {},
        "numChannels": 1,
        "numFrames": 18432,
        "plainParams": "default",
        "relativePathToWT": "S2 Tables/Default Shapes.wav",
        "sampleRate": 44100
      },
      "plainParams": {
        "kParamVolume": 0.615079810719776,
        "kParamTuning": 0.0,
        "kParamUnison": 4.106047492711795,
        "kParamDetune": 0.12358780001630312,
        "kParamPan": 0.6318236872822933,
        "kParamDetuneWid": 54.24388651944728,
        "kParamPhase": 0.0
      }
    },
    "Oscillator2": {
      "GranularOsc2": {
        "plainParams": "default"
      },
      "MultiSampleOsc2": {
        "plainParams": "default"
      },
      "SampleOsc2": {
        "plainParams": "default"
      },
      "SpectralOsc2": {
        "plainParams": "default"
      },
      "WTOsc2": {
        "flex": {},
        "numChannels": 1,
        "numFrames": 18432,
        "plainParams": "default",
        "relativePathToWT": "S2 Tables/Default Shapes.wav",
        "sampleRate": 44100
      },
      "plainParams": "default"
    },
    "Oscillator3": {
      "NoiseOsc3": {
        "detuneFactor": 0.4758218478413068,
        "numChannels": 1,
        "numFrames": 78241,
        "plainParams": "default",
        "relativePathToNoiseSample": "Organics/AC hum1.wav",
        "sampleRate": 44100
      },
      "plainParams": "default"
    },
    "Oscillator4": {
      "SubOsc4": {
        "plainParams": "default"
      },
      "plainParams": "default"
    },
    "PitchQuantizer0": {
      "plainParams": "default",
      "scale": [
        0,
        2,
        0,
        2,
        0,
        0,
        2,
        0,
        2,
        0,
        2,
        0
      ],
      "scaleName": "Major"
    },
    "RetriggerState0": {
      "plainParams": "default"
    },
    "RoutingSlot0": {
      "plainParams": "default"
    },
    "RoutingSlot1": {
      "plainParams": "default"
    },
    "RoutingSlot2": {
      "plainParams": "default"
    },
    "RoutingSlot3": {
      "plainParams": "default"
    },
    "RoutingSlot4": {
      "plainParams": "default"
    },
    "RoutingSlot5": {
      "plainParams": "default"
    },
    "RoutingSlot6": {
      "plainParams": "default"
    },
    "VoiceFilter0": {
      "plainParams": {
        "kParamEnable": 1.0,
        "kParamFreq": 0.45,
        "kParamReso": 0.14422372667335612,
        "filter_type": 7.153065960455398
      }
    },
    "VoiceFilter1": {
      "plainParams": "default"
    },
    "VoicePanel0": {
      "plainParams": "default"
    },
    "component": "processor",
    "lockOversampling": false,
    "lockTuning": false,
    "mpeConfig": 0,
    "mpeEnabled": false,
    "mpePitchBendRange": 48,
    "product": "Serum2",
    "productVersion": "2.0.21",
    "scalars": {
      "note": {},
      "velo": {}
    },
    "tags": [
      "Wavetable",
      "Poly"
    ],
    "url": "https://xferrecords.com/",
    "vendor": "Xfer Records",
    "version": 8.0
  }
}