{
  "metadata": {
    "component": "controller",
    "hash": "0382cbb64457ffdf7a31b54be0b84d81",
    "presetAuthor": "Mark Sixma",
    "presetDescription": "",
    "presetName": "SYNTH - Sixmau5",
    "product": "Serum2",
    "productVersion": "2.0.21",
    "url": "https://xferrecords.com/",
    "vendor": "Xfer Records",
    "version": 8.0
  },
  "data": {
    "ArpClip0": {},
    "ArpClip1": {},
    "ArpClip10": {},
    "ArpClip11": {},
    "ArpClip2": {},
    "ArpClip3": {},
    "ArpClip4": {},
    "ArpClip5": {},
    "ArpClip6": {},
    "ArpClip7": {},
    "ArpClip8": {},
    "ArpClip9": {},
    "ClipPlayer": {
      "kUIParamPianoRollNotePreview": 1.0,
      "kUIParamPreviewClip": 0.0,
      "kUIParamSelectedClip": 0.0
    },
    "FXRack0": {
      "FX": [
        {
          "defaultPlainValues": {
            "kParamBW": 3.4424774050712585,
            "kParamBeatSync": 1.0,
            "kParamEnable": 1.0,
            "kParamFeedback": 40.00000059604645,
            "kParamFreq": 695.3295620397386,
            "kParamHQ": 1.0,
            "kParamLevelOut": 0.5,
            "kParamLink": 0.0,
            "kParamMode": 1.0,
            "kParamOffsetL": 1.0,
            "kParamOffsetR": 1.0,
            "kParamTimeL": 0.0772939453125,
            "kParamTimeR": 0.0772939453125,
            "kParamWet": 43.25383901596069
          },
          "kUIParamMixOrGain": 0.0
        },
        {
          "defaultPlainValues": {
            "kParamDelay": 4.424999937415123,
            "kParamEnable": 1.0,
            "kParamFeedback": 25.0,
            "kParamFreq": 0.0,
            "kParamFreqB": 34.99999940395355,
            "kParamFreqC": 70.0,
            "kParamLevelOut": 0.5,
            "kParamMode": 70.0,
            "kParamPreDelay": 0.0,
            "kParamPreDelayBeatSync": 0.0,
            "kParamSize": 34.99999940395355,
            "kParamType": 1.0,
            "kParamVintageScale": 70.0,
            "kParamVintageScaleB": 70.0,
            "kParamWet": 34.38116908073425,
            "kParamWidth": 20.000000298023224
          },
          "kUIParamMixOrGain": 0.0
        },
        {
          "defaultPlainValues": {
            "kParamEnable": 1.0,
            "kParamFreq1": 209.61696906559536,
            "kParamFreq2": 2040.5360638259378,
            "kParamGain1": -12.840460538864136,
            "kParamGain2": 5.298520088195801,
            "kParamLevelOut": 0.5,
            "kParamReso1": 60.00000238418579,
            "kParamReso2": 60.00000238418579,
            "kParamType1": 1.0,
            "kParamType2": 0.0
          }
        }
      ],
      "displayName": ""
    },
    "FXRack1": {
      "displayName": ""
    },
    "FXRack2": {
      "displayName": ""
    },
    "Filter": {
      "kUIParamMixOrGain": 0.0
    },
    "GranularOsc": [
      {
        "kUIParamDisplayXYInput": 0.0
      },
      {
        "kUIParamDisplayXYInput": 0.0
      },
      {
        "kUIParamDisplayXYInput": 0.0
      }
    ],
    "LFO0": null,
    "LFO1": null,
    "LFO2": null,
    "LFO3": null,
    "LFO4": null,
    "LFO5": null,
    "LFO6": null,
    "LFO7": null,
    "LFO8": null,
    "LFO9": null,
    "Macro0": {
      "name": "CUT OFF"
    },
    "Macro1": {
      "name": "SPEED"
    },
    "MidiClip0": {},
    "MidiClip1": {},
    "MidiClip10": {},
    "MidiClip11": {},
    "MidiClip2": {},
    "MidiClip3": {},
    "MidiClip4": {},
    "MidiClip5": {},
    "MidiClip6": {},
    "MidiClip7": {},
    "MidiClip8": {},
    "MidiClip9": {},
    "MultiSampleOsc": [
      {
        "kUIParamMultiSampleOverviewMouseTag": 0.0
      },
      {
        "kUIParamMultiSampleOverviewMouseTag": 0.0
      },
      {
        "kUIParamMultiSampleOverviewMouseTag": 0.0
      }
    ],
    "Osc": [
      {
        "kUIParamAutoSyncSlicing": 0.0,
        "kUIParamShowMarkerAnimations": 0.0,
        "kUIParamZoomToStartEnd": 0.0
      },
      {
        "kUIParamAutoSyncSlicing": 0.0,
        "kUIParamShowMarkerAnimations": 0.0,
        "kUIParamZoomToStartEnd": 0.0
      },
      {
        "kUIParamAutoSyncSlicing": 0.0,
        "kUIParamShowMarkerAnimations": 0.0,
        "kUIParamZoomToStartEnd": 0.0
      },
      {
        "kUIParamAutoSyncSlicing": 0.0,
        "kUIParamShowMarkerAnimations": 0.0,
        "kUIParamZoomToStartEnd": 0.0
      },
      {
        "kUIParamAutoSyncSlicing": 0.0,
        "kUIParamShowMarkerAnimations": 0.0,
        "kUIParamZoomToStartEnd": 0.0
      }
    ],
    "SerumGUI": {
      "kUIParamShowKeyboard": 1.0,
      "kUIParamShowMidiOut": 0.0
    },
    "SpectralOsc": [
      {
        "kUIParamDisplayXYInput": 0.0,
        "kUIParamShowWaveformDisplay": 0.0
      },
      {
        "kUIParamDisplayXYInput": 0.0,
        "kUIParamShowWaveformDisplay": 0.0
      },
      {
        "kUIParamDisplayXYInput": 0.0,
        "kUIParamShowWaveformDisplay": 0.0
      }
    ],
    "VoicePanel0": {
      "displayName": ""
    },
    "WTOsc": [
      {
        "kUIParamWTOverviewMouseTag": 0.0
      },
      {
        "kUIParamWTOverviewMouseTag": 0.0
      },
      {
        "kUIParamWTOverviewMouseTag": 0.0
      }
    ],
    "arpBankDisplayName": "",
    "clipBankDisplayName": "",
    "component": "controller",
    "midiMap": [
      {
        "ccNum": 21,
        "paramIDs": [
          2000003
        ]
      }
    ],
    "presetAuthor": "Mark Sixma",
    "presetDescription": "",
    "presetHasBeenEdited": true,
    "presetName": "SYNTH - Sixmau5",
    "product": "Serum2",
    "productVersion": "2.0.21",
    "selectedPresetPath": "C:\\Users\\drasko\\Documents\\Xfer\\Serum 2 Presets\\Presets\\User\\Armada University - Mark Sixma Serum Presets\\SYNTH - Sixmau5.fxp",
    "url": "https://xferrecords.com/",
    "vendor": "Xfer Records",
    "version": 8.0
  }
}