{
    "Custom": {},
    "Vintage": {
        "brightness": 10.0,
        "contrast": 0.9,
        "saturation": 0.8,
        "temperature": 20.0,
        "tint": -10.0,
        "grain_intensity": 0.0,
        "lut_file": "None",
        "lut_intensity": 1.0,
        "enable_creative_effects": true,
        "vibrance": 0.0,
        "clarity": 0.1,
        "bloom": 0.0,
        "vignette": 0.2,
        "chromatic_aberration": 1.0,
        "hue_shift": 0.0,
        "shadow_tint_color": "#000000",
        "shadow_tint_intensity": 0.0,
        "highlight_tint_color": "#FFFFFF",
        "highlight_tint_intensity": 0.0,
        "halation_intensity": 0.0
    },
    "Kodachrome": {
        "brightness": 5.0,
        "contrast": 1.4,
        "saturation": 1.2,
        "temperature": 12.0,
        "tint": -5.0,
        "grain_intensity": 0.0,
        "lut_file": "None",
        "lut_intensity": 1.0,
        "enable_creative_effects": true,
        "vibrance": 0.1,
        "clarity": 0.15,
        "bloom": 0.0,
        "vignette": 0.1,
        "chromatic_aberration": 0.5,
        "hue_shift": 0.0,
        "shadow_tint_color": "#001005",
        "shadow_tint_intensity": 0.1,
        "highlight_tint_color": "#FFF0E0",
        "highlight_tint_intensity": 0.05,
        "halation_intensity": 0.1
    },
    "Portra 400": {
        "brightness": 8.0,
        "contrast": 1.15,
        "saturation": 1.1,
        "temperature": 20.0,
        "tint": -10.0,
        "grain_intensity": 0.0,
        "lut_file": "None",
        "lut_intensity": 1.0,
        "enable_creative_effects": true,
        "vibrance": 0.05,
        "clarity": 0.1,
        "bloom": 0.0,
        "vignette": 0.0,
        "chromatic_aberration": 0.0,
        "hue_shift": 0.0,
        "shadow_tint_color": "#000000",
        "shadow_tint_intensity": 0.0,
        "highlight_tint_color": "#FFFFFF",
        "highlight_tint_intensity": 0.0,
        "halation_intensity": 0.0
    },
    "Fuji Velvia": {
        "brightness": -5.0,
        "contrast": 1.3,
        "saturation": 1.4,
        "temperature": -10.0,
        "tint": 15.0,
        "grain_intensity": 0.0,
        "lut_file": "None",
        "lut_intensity": 1.0,
        "enable_creative_effects": true,
        "vibrance": 0.15,
        "clarity": 0.2,
        "bloom": 0.0,
        "vignette": 0.0,
        "chromatic_aberration": 0.0,
        "hue_shift": 0.0,
        "shadow_tint_color": "#001500",
        "shadow_tint_intensity": 0.1,
        "highlight_tint_color": "#F0FFF0",
        "highlight_tint_intensity": 0.0,
        "halation_intensity": 0.05
    },
    "Agfa Vista": {
        "brightness": 10.0,
        "contrast": 1.2,
        "saturation": 1.1,
        "temperature": 25.0,
        "tint": -15.0,
        "grain_intensity": 0.0,
        "lut_file": "None",
        "lut_intensity": 1.0,
        "enable_creative_effects": true,
        "vibrance": 0.0,
        "clarity": 0.1,
        "bloom": 0.0,
        "vignette": 0.0,
        "chromatic_aberration": 0.0,
        "hue_shift": 0.0,
        "shadow_tint_color": "#000000",
        "shadow_tint_intensity": 0.0,
        "highlight_tint_color": "#FFFFFF",
        "highlight_tint_intensity": 0.0,
        "halation_intensity": 0.0
    },
    "Polaroid": {
        "brightness": 20.0,
        "contrast": 0.8,
        "saturation": 0.9,
        "temperature": 15.0,
        "tint": 10.0,
        "grain_intensity": 0.0,
        "lut_file": "None",
        "lut_intensity": 1.0,
        "enable_creative_effects": true,
        "vibrance": 0.0,
        "clarity": 0.0,
        "bloom": 0.15,
        "vignette": 0.3,
        "chromatic_aberration": 3.0,
        "hue_shift": 0.0,
        "shadow_tint_color": "#101000",
        "shadow_tint_intensity": 0.1,
        "highlight_tint_color": "#FFFFE0",
        "highlight_tint_intensity": 0.1,
        "halation_intensity": 0.0
    },
    "Daguerreotype": {
        "brightness": 5.0,
        "contrast": 1.3,
        "saturation": 0.1,
        "temperature": -15.0,
        "tint": 0.0,
        "grain_intensity": 0.0,
        "lut_file": "None",
        "lut_intensity": 1.0,
        "enable_creative_effects": true,
        "vibrance": 0.0,
        "clarity": 0.15,
        "bloom": 0.0,
        "vignette": 0.4,
        "chromatic_aberration": 1.0,
        "hue_shift": 0.0,
        "shadow_tint_color": "#101020",
        "shadow_tint_intensity": 0.1,
        "highlight_tint_color": "#E0E0FF",
        "highlight_tint_intensity": 0.05,
        "halation_intensity": 0.0
    },
    "Neon Noir": {
        "brightness": -5.0,
        "contrast": 1.6,
        "saturation": 1.3,
        "temperature": -25.0,
        "tint": -10.0,
        "grain_intensity": 0.0,
        "lut_file": "None",
        "lut_intensity": 1.0,
        "enable_creative_effects": true,
        "vibrance": 0.2,
        "clarity": 0.15,
        "bloom": 0.3,
        "vignette": 0.2,
        "chromatic_aberration": 2.0,
        "hue_shift": -10.0,
        "shadow_tint_color": "#200030",
        "shadow_tint_intensity": 0.2,
        "highlight_tint_color": "#E0FFFF",
        "highlight_tint_intensity": 0.1,
        "halation_intensity": 0.2
    },
    "Blade Runner Blues": {
        "brightness": -10.0,
        "contrast": 1.7,
        "saturation": 0.9,
        "temperature": -35.0,
        "tint": 5.0,
        "grain_intensity": 0.0,
        "lut_file": "None",
        "lut_intensity": 1.0,
        "enable_creative_effects": true,
        "vibrance": 0.1,
        "clarity": 0.2,
        "bloom": 0.2,
        "vignette": 0.3,
        "chromatic_aberration": 1.5,
        "hue_shift": 15.0,
        "shadow_tint_color": "#001525",
        "shadow_tint_intensity": 0.25,
        "highlight_tint_color": "#A0D0FF",
        "highlight_tint_intensity": 0.15,
        "halation_intensity": 0.15
    },
    "Matrix Green": {
        "brightness": -20.0,
        "contrast": 1.6,
        "saturation": 0.9,
        "temperature": -60.0,
        "tint": 50.0,
        "grain_intensity": 0.0,
        "lut_file": "None",
        "lut_intensity": 1.0,
        "enable_creative_effects": true,
        "vibrance": 0.1,
        "clarity": 0.1,
        "bloom": 0.1,
        "vignette": 0.2,
        "chromatic_aberration": 1.0,
        "hue_shift": 55.0,
        "shadow_tint_color": "#001000",
        "shadow_tint_intensity": 0.4,
        "highlight_tint_color": "#D0FFD0",
        "highlight_tint_intensity": 0.1,
        "halation_intensity": 0.0
    },
    "Ghost in the Shell": {
        "brightness": 0.0,
        "contrast": 1.2,
        "saturation": 0.8,
        "temperature": -20.0,
        "tint": 10.0,
        "grain_intensity": 0.0,
        "lut_file": "None",
        "lut_intensity": 1.0,
        "enable_creative_effects": true,
        "vibrance": -0.1,
        "clarity": 0.25,
        "bloom": 0.25,
        "vignette": 0.1,
        "chromatic_aberration": 0.5,
        "hue_shift": 0.0,
        "shadow_tint_color": "#050515",
        "shadow_tint_intensity": 0.15,
        "highlight_tint_color": "#E0E8FF",
        "highlight_tint_intensity": 0.1,
        "halation_intensity": 0.1
    },
    "Post-Apocalyptic": {
        "brightness": -5.0,
        "contrast": 1.4,
        "saturation": 0.6,
        "temperature": 30.0,
        "tint": 20.0,
        "grain_intensity": 0.0,
        "lut_file": "None",
        "lut_intensity": 1.0,
        "enable_creative_effects": true,
        "vibrance": -0.2,
        "clarity": 0.3,
        "bloom": 0.0,
        "vignette": 0.3,
        "chromatic_aberration": 1.0,
        "hue_shift": 0.0,
        "shadow_tint_color": "#100500",
        "shadow_tint_intensity": 0.1,
        "highlight_tint_color": "#FFE8D0",
        "highlight_tint_intensity": 0.0,
        "halation_intensity": 0.0
    },
    "Hollywood Teal & Orange": {
        "brightness": 0.0,
        "contrast": 1.1,
        "saturation": 1.0,
        "temperature": 0.0,
        "tint": 0.0,
        "grain_intensity": 0.0,
        "lut_file": "None",
        "lut_intensity": 1.0,
        "enable_creative_effects": true,
        "vibrance": 0.0,
        "clarity": 0.1,
        "bloom": 0.0,
        "vignette": 0.0,
        "chromatic_aberration": 0.0,
        "hue_shift": 0.0,
        "shadow_tint_color": "#00334d",
        "shadow_tint_intensity": 0.3,
        "highlight_tint_color": "#ff9900",
        "highlight_tint_intensity": 0.15,
        "halation_intensity": 0.0
    },
    "Golden Hour": {
        "brightness": 10.0,
        "contrast": 1.1,
        "saturation": 1.1,
        "temperature": 40.0,
        "tint": -15.0,
        "grain_intensity": 0.0,
        "lut_file": "None",
        "lut_intensity": 1.0,
        "enable_creative_effects": true,
        "vibrance": 0.1,
        "clarity": 0.05,
        "bloom": 0.4,
        "vignette": 0.0,
        "chromatic_aberration": 0.0,
        "hue_shift": 0.0,
        "shadow_tint_color": "#000000",
        "shadow_tint_intensity": 0.0,
        "highlight_tint_color": "#FFFFFF",
        "highlight_tint_intensity": 0.0,
        "halation_intensity": 0.2
    },
    "Moonlight": {
        "brightness": -20.0,
        "contrast": 1.3,
        "saturation": 0.8,
        "temperature": -60.0,
        "tint": 0.0,
        "grain_intensity": 0.0,
        "lut_file": "None",
        "lut_intensity": 1.0,
        "enable_creative_effects": true,
        "vibrance": 0.0,
        "clarity": 0.15,
        "bloom": 0.2,
        "vignette": 0.3,
        "chromatic_aberration": 0.0,
        "hue_shift": 0.0,
        "shadow_tint_color": "#050015",
        "shadow_tint_intensity": 0.2,
        "highlight_tint_color": "#E0E8FF",
        "highlight_tint_intensity": 0.1,
        "halation_intensity": 0.0
    },
    "Dreamy Haze": {
        "brightness": 15.0,
        "contrast": 0.9,
        "saturation": 1.0,
        "temperature": 10.0,
        "tint": -10.0,
        "grain_intensity": 0.0,
        "lut_file": "None",
        "lut_intensity": 1.0,
        "enable_creative_effects": true,
        "vibrance": 0.0,
        "clarity": -0.2,
        "bloom": 0.6,
        "vignette": 0.0,
        "chromatic_aberration": 5.0,
        "hue_shift": 0.0,
        "shadow_tint_color": "#000000",
        "shadow_tint_intensity": 0.0,
        "highlight_tint_color": "#FFFFFF",
        "highlight_tint_intensity": 0.0,
        "halation_intensity": 0.3
    },
    "Gritty Urban": {
        "brightness": -10.0,
        "contrast": 1.6,
        "saturation": 0.7,
        "temperature": -10.0,
        "tint": 5.0,
        "grain_intensity": 0.0,
        "lut_file": "None",
        "lut_intensity": 1.0,
        "enable_creative_effects": true,
        "vibrance": -0.1,
        "clarity": 0.35,
        "bloom": 0.0,
        "vignette": 0.3,
        "chromatic_aberration": 0.0,
        "hue_shift": 0.0,
        "shadow_tint_color": "#000510",
        "shadow_tint_intensity": 0.1,
        "highlight_tint_color": "#FFFFFF",
        "highlight_tint_intensity": 0.0,
        "halation_intensity": 0.0
    },
    "Infrared": {
        "brightness": 0.0,
        "contrast": 1.4,
        "saturation": 1.5,
        "temperature": 0.0,
        "tint": 0.0,
        "grain_intensity": 0.0,
        "lut_file": "None",
        "lut_intensity": 1.0,
        "enable_creative_effects": true,
        "vibrance": 0.2,
        "clarity": 0.1,
        "bloom": 0.1,
        "vignette": 0.0,
        "chromatic_aberration": 0.0,
        "hue_shift": 120.0,
        "shadow_tint_color": "#000000",
        "shadow_tint_intensity": 0.0,
        "highlight_tint_color": "#FFFFFF",
        "highlight_tint_intensity": 0.0,
        "halation_intensity": 0.0
    },
    "Cross-Processed": {
        "brightness": -5.0,
        "contrast": 1.5,
        "saturation": 1.3,
        "temperature": -20.0,
        "tint": 30.0,
        "grain_intensity": 0.0,
        "lut_file": "None",
        "lut_intensity": 1.0,
        "enable_creative_effects": true,
        "vibrance": 0.1,
        "clarity": 0.1,
        "bloom": 0.0,
        "vignette": 0.1,
        "chromatic_aberration": 2.0,
        "hue_shift": 0.0,
        "shadow_tint_color": "#002010",
        "shadow_tint_intensity": 0.2,
        "highlight_tint_color": "#FFFFD0",
        "highlight_tint_intensity": 0.1,
        "halation_intensity": 0.0
    },
    "Solarized": {
        "brightness": 0.0,
        "contrast": 2.0,
        "saturation": 1.0,
        "temperature": 0.0,
        "tint": 0.0,
        "grain_intensity": 0.0,
        "lut_file": "None",
        "lut_intensity": 1.0,
        "enable_creative_effects": true,
        "vibrance": 0.0,
        "clarity": 0.0,
        "bloom": 0.0,
        "vignette": 0.0,
        "chromatic_aberration": 0.0,
        "hue_shift": 180.0,
        "shadow_tint_color": "#000000",
        "shadow_tint_intensity": 0.0,
        "highlight_tint_color": "#FFFFFF",
        "highlight_tint_intensity": 0.0,
        "halation_intensity": 0.0
    },
    "Inferno": {
        "brightness": 5.0,
        "contrast": 1.6,
        "saturation": 1.5,
        "temperature": 50.0,
        "tint": -20.0,
        "grain_intensity": 0.0,
        "lut_file": "None",
        "lut_intensity": 1.0,
        "enable_creative_effects": true,
        "vibrance": 0.3,
        "clarity": 0.15,
        "bloom": 0.3,
        "vignette": 0.2,
        "chromatic_aberration": 1.0,
        "hue_shift": 0.0,
        "shadow_tint_color": "#300000",
        "shadow_tint_intensity": 0.2,
        "highlight_tint_color": "#FFD000",
        "highlight_tint_intensity": 0.1,
        "halation_intensity": 0.2
    },
    "Arctic Night": {
        "brightness": -15.0,
        "contrast": 1.4,
        "saturation": 0.9,
        "temperature": -70.0,
        "tint": 10.0,
        "grain_intensity": 0.0,
        "lut_file": "None",
        "lut_intensity": 1.0,
        "enable_creative_effects": true,
        "vibrance": 0.0,
        "clarity": 0.15,
        "bloom": 0.2,
        "vignette": 0.3,
        "chromatic_aberration": 2.0,
        "hue_shift": 0.0,
        "shadow_tint_color": "#000515",
        "shadow_tint_intensity": 0.2,
        "highlight_tint_color": "#C0E0FF",
        "highlight_tint_intensity": 0.1,
        "halation_intensity": 0.0
    },
    "Wasteland": {
        "brightness": 10.0,
        "contrast": 1.3,
        "saturation": 0.5,
        "temperature": 35.0,
        "tint": 15.0,
        "grain_intensity": 0.0,
        "lut_file": "None",
        "lut_intensity": 1.0,
        "enable_creative_effects": true,
        "vibrance": -0.3,
        "clarity": 0.35,
        "bloom": 0.0,
        "vignette": 0.2,
        "chromatic_aberration": 1.0,
        "hue_shift": 0.0,
        "shadow_tint_color": "#151000",
        "shadow_tint_intensity": 0.1,
        "highlight_tint_color": "#FFF0C0",
        "highlight_tint_intensity": 0.0,
        "halation_intensity": 0.0
    },
    "Pastel Dream": {
        "brightness": 20.0,
        "contrast": 0.8,
        "saturation": 1.2,
        "temperature": 10.0,
        "tint": -15.0,
        "grain_intensity": 0.0,
        "lut_file": "None",
        "lut_intensity": 1.0,
        "enable_creative_effects": true,
        "vibrance": 0.1,
        "clarity": 0.0,
        "bloom": 0.5,
        "vignette": 0.0,
        "chromatic_aberration": 4.0,
        "hue_shift": 5.0,
        "shadow_tint_color": "#100010",
        "shadow_tint_intensity": 0.1,
        "highlight_tint_color": "#FFD0FF",
        "highlight_tint_intensity": 0.1,
        "halation_intensity": 0.2
    },
    "Emerald City": {
        "brightness": -5.0,
        "contrast": 1.2,
        "saturation": 1.1,
        "temperature": -30.0,
        "tint": 30.0,
        "grain_intensity": 0.0,
        "lut_file": "None",
        "lut_intensity": 1.0,
        "enable_creative_effects": true,
        "vibrance": 0.1,
        "clarity": 0.1,
        "bloom": 0.1,
        "vignette": 0.1,
        "chromatic_aberration": 0.0,
        "hue_shift": 0.0,
        "shadow_tint_color": "#001505",
        "shadow_tint_intensity": 0.25,
        "highlight_tint_color": "#D0FFE0",
        "highlight_tint_intensity": 0.15,
        "halation_intensity": 0.0
    },
    "Crimson Peak": {
        "brightness": -10.0,
        "contrast": 1.5,
        "saturation": 1.2,
        "temperature": 20.0,
        "tint": -30.0,
        "grain_intensity": 0.0,
        "lut_file": "None",
        "lut_intensity": 1.0,
        "enable_creative_effects": true,
        "vibrance": 0.1,
        "clarity": 0.15,
        "bloom": 0.0,
        "vignette": 0.3,
        "chromatic_aberration": 1.0,
        "hue_shift": 0.0,
        "shadow_tint_color": "#200000",
        "shadow_tint_intensity": 0.2,
        "highlight_tint_color": "#FFD0D0",
        "highlight_tint_intensity": 0.1,
        "halation_intensity": 0.1
    },
    "Oppenheimer": {
        "brightness": -5.0,
        "contrast": 1.6,
        "saturation": 0.2,
        "temperature": 10.0,
        "tint": 0.0,
        "grain_intensity": 0.0,
        "lut_file": "None",
        "lut_intensity": 1.0,
        "enable_creative_effects": true,
        "vibrance": -0.1,
        "clarity": 0.25,
        "bloom": 0.0,
        "vignette": 0.2,
        "chromatic_aberration": 0.0,
        "hue_shift": 0.0,
        "shadow_tint_color": "#000000",
        "shadow_tint_intensity": 0.0,
        "highlight_tint_color": "#FFFFFF",
        "highlight_tint_intensity": 0.0,
        "halation_intensity": 0.0
    },
    "Dune": {
        "brightness": 10.0,
        "contrast": 1.4,
        "saturation": 0.4,
        "temperature": 25.0,
        "tint": 10.0,
        "grain_intensity": 0.0,
        "lut_file": "None",
        "lut_intensity": 1.0,
        "enable_creative_effects": true,
        "vibrance": -0.2,
        "clarity": 0.2,
        "bloom": 0.1,
        "vignette": 0.1,
        "chromatic_aberration": 0.0,
        "hue_shift": 0.0,
        "shadow_tint_color": "#100800",
        "shadow_tint_intensity": 0.1,
        "highlight_tint_color": "#FFF5E0",
        "highlight_tint_intensity": 0.05,
        "halation_intensity": 0.1
    },
    "Joker": {
        "brightness": -8.0,
        "contrast": 1.3,
        "saturation": 1.1,
        "temperature": -15.0,
        "tint": 20.0,
        "grain_intensity": 0.0,
        "lut_file": "None",
        "lut_intensity": 1.0,
        "enable_creative_effects": true,
        "vibrance": 0.0,
        "clarity": 0.15,
        "bloom": 0.0,
        "vignette": 0.2,
        "chromatic_aberration": 1.0,
        "hue_shift": 0.0,
        "shadow_tint_color": "#001510",
        "shadow_tint_intensity": 0.2,
        "highlight_tint_color": "#F0FFF0",
        "highlight_tint_intensity": 0.0,
        "halation_intensity": 0.0
    },
    "Wes Anderson": {
        "brightness": 15.0,
        "contrast": 1.1,
        "saturation": 1.2,
        "temperature": 30.0,
        "tint": -20.0,
        "grain_intensity": 0.0,
        "lut_file": "None",
        "lut_intensity": 1.0,
        "enable_creative_effects": true,
        "vibrance": 0.2,
        "clarity": 0.1,
        "bloom": 0.0,
        "vignette": 0.0,
        "chromatic_aberration": 0.0,
        "hue_shift": 0.0,
        "shadow_tint_color": "#000000",
        "shadow_tint_intensity": 0.0,
        "highlight_tint_color": "#FFFFD0",
        "highlight_tint_intensity": 0.1,
        "halation_intensity": 0.0
    },
    "Mad Max Fury Road": {
        "brightness": 0.0,
        "contrast": 1.8,
        "saturation": 1.6,
        "temperature": 20.0,
        "tint": -10.0,
        "grain_intensity": 0.0,
        "lut_file": "None",
        "lut_intensity": 1.0,
        "enable_creative_effects": true,
        "vibrance": 0.1,
        "clarity": 0.35,
        "bloom": 0.0,
        "vignette": 0.2,
        "chromatic_aberration": 0.0,
        "hue_shift": 0.0,
        "shadow_tint_color": "#002030",
        "shadow_tint_intensity": 0.1,
        "highlight_tint_color": "#FFAA00",
        "highlight_tint_intensity": 0.1,
        "halation_intensity": 0.0
    },
    "Amelie": {
        "brightness": 10.0,
        "contrast": 1.2,
        "saturation": 1.3,
        "temperature": 20.0,
        "tint": 15.0,
        "grain_intensity": 0.0,
        "lut_file": "None",
        "lut_intensity": 1.0,
        "enable_creative_effects": true,
        "vibrance": 0.1,
        "clarity": 0.1,
        "bloom": 0.1,
        "vignette": 0.1,
        "chromatic_aberration": 0.0,
        "hue_shift": 0.0,
        "shadow_tint_color": "#100000",
        "shadow_tint_intensity": 0.1,
        "highlight_tint_color": "#FFFFD0",
        "highlight_tint_intensity": 0.1,
        "halation_intensity": 0.1
    },
    "Sin City": {
        "brightness": -20.0,
        "contrast": 2.5,
        "saturation": 0.0,
        "temperature": 0.0,
        "tint": 0.0,
        "grain_intensity": 0.0,
        "lut_file": "None",
        "lut_intensity": 1.0,
        "enable_creative_effects": true,
        "vibrance": 0.0,
        "clarity": 0.4,
        "bloom": 0.0,
        "vignette": 0.4,
        "chromatic_aberration": 0.0,
        "hue_shift": 0.0,
        "shadow_tint_color": "#000000",
        "shadow_tint_intensity": 0.0,
        "highlight_tint_color": "#FFFFFF",
        "highlight_tint_intensity": 0.0,
        "halation_intensity": 0.0
    },
    "300": {
        "brightness": -10.0,
        "contrast": 1.7,
        "saturation": 0.6,
        "temperature": 25.0,
        "tint": -10.0,
        "grain_intensity": 0.0,
        "lut_file": "None",
        "lut_intensity": 1.0,
        "enable_creative_effects": true,
        "vibrance": -0.1,
        "clarity": 0.3,
        "bloom": 0.0,
        "vignette": 0.3,
        "chromatic_aberration": 0.0,
        "hue_shift": 0.0,
        "shadow_tint_color": "#100500",
        "shadow_tint_intensity": 0.1,
        "highlight_tint_color": "#FFD0A0",
        "highlight_tint_intensity": 0.05,
        "halation_intensity": 0.0
    },
    "Lomo": {
        "brightness": 10.0,
        "contrast": 1.4,
        "saturation": 1.5,
        "temperature": 0.0,
        "tint": 0.0,
        "grain_intensity": 0.0,
        "lut_file": "None",
        "lut_intensity": 1.0,
        "enable_creative_effects": true,
        "vibrance": 0.2,
        "clarity": 0.0,
        "bloom": 0.0,
        "vignette": 0.5,
        "chromatic_aberration": 5.0,
        "hue_shift": 0.0,
        "shadow_tint_color": "#000020",
        "shadow_tint_intensity": 0.2,
        "highlight_tint_color": "#FFFF00",
        "highlight_tint_intensity": 0.1,
        "halation_intensity": 0.0
    },
    "Autumn Warmth": {
        "brightness": 5.0,
        "contrast": 1.1,
        "saturation": 1.1,
        "temperature": 35.0,
        "tint": -10.0,
        "grain_intensity": 0.0,
        "lut_file": "None",
        "lut_intensity": 1.0,
        "enable_creative_effects": true,
        "vibrance": 0.1,
        "clarity": 0.1,
        "bloom": 0.2,
        "vignette": 0.1,
        "chromatic_aberration": 0.0,
        "hue_shift": 0.0,
        "shadow_tint_color": "#100500",
        "shadow_tint_intensity": 0.1,
        "highlight_tint_color": "#FFE0B0",
        "highlight_tint_intensity": 0.1,
        "halation_intensity": 0.1
    },
    "Winter Chill": {
        "brightness": 10.0,
        "contrast": 1.1,
        "saturation": 0.9,
        "temperature": -30.0,
        "tint": 5.0,
        "grain_intensity": 0.0,
        "lut_file": "None",
        "lut_intensity": 1.0,
        "enable_creative_effects": true,
        "vibrance": -0.05,
        "clarity": 0.1,
        "bloom": 0.1,
        "vignette": 0.0,
        "chromatic_aberration": 0.0,
        "hue_shift": 0.0,
        "shadow_tint_color": "#000510",
        "shadow_tint_intensity": 0.1,
        "highlight_tint_color": "#D0E0FF",
        "highlight_tint_intensity": 0.1,
        "halation_intensity": 0.0
    },
    "Silent Hill Fog": {
        "brightness": 5.0,
        "contrast": 1.2,
        "saturation": 0.3,
        "temperature": -10.0,
        "tint": 10.0,
        "grain_intensity": 0.0,
        "lut_file": "None",
        "lut_intensity": 1.0,
        "enable_creative_effects": true,
        "vibrance": -0.2,
        "clarity": -0.1,
        "bloom": 0.3,
        "vignette": 0.2,
        "chromatic_aberration": 1.0,
        "hue_shift": 0.0,
        "shadow_tint_color": "#101010",
        "shadow_tint_intensity": 0.1,
        "highlight_tint_color": "#E0E0E0",
        "highlight_tint_intensity": 0.0,
        "halation_intensity": 0.0
    },
    "Absynth Cyberpunk Dream": {
        "brightness": 21.5,
        "contrast": 1.0,
        "saturation": 1.0,
        "temperature": 0.0,
        "tint": 0.0,
        "grain_intensity": 0.0,
        "lut_file": "Sunlit Canvas 01.cube",
        "lut_intensity": 0.6900000000000002,
        "enable_creative_effects": true,
        "vibrance": 0.7400000000000001,
        "hue_shift": 0.0,
        "clarity": 0.6300000000000001,
        "bloom": 0.0,
        "vignette": 0.0,
        "chromatic_aberration": 0.0,
        "shadow_tint_color": "#000000",
        "shadow_tint_intensity": 0.0,
        "highlight_tint_color": "#FFFFFF",
        "highlight_tint_intensity": 0.0,
        "halation_intensity": 0.0
    },
    "Absynth Cyberpunk Dream Clarity": {
        "brightness": 21.5,
        "contrast": 1.0,
        "saturation": 1.0,
        "temperature": 0.0,
        "tint": 0.0,
        "grain_intensity": 0.0,
        "lut_file": "Sunlit Canvas 01.cube",
        "lut_intensity": 0.6900000000000002,
        "enable_creative_effects": true,
        "vibrance": 0.7400000000000001,
        "hue_shift": 0.0,
        "clarity": 0.7000000000000002,
        "bloom": 0.0,
        "vignette": 0.0,
        "chromatic_aberration": 0.0,
        "shadow_tint_color": "#000000",
        "shadow_tint_intensity": 0.0,
        "highlight_tint_color": "#FFFFFF",
        "highlight_tint_intensity": 0.0,
        "halation_intensity": 0.0
    },
    "Cyberpunk": {
        "brightness": 30.8,
        "contrast": 1.0,
        "saturation": 0.7300000000000001,
        "temperature": -52.300000000000004,
        "tint": 0.0,
        "grain_intensity": 0.0,
        "lut_file": "CrispAutumn.cube",
        "lut_intensity": 0.23000000000000004,
        "enable_creative_effects": true,
        "vibrance": 0.7400000000000001,
        "hue_shift": 0.0,
        "clarity": 0.7600000000000001,
        "bloom": 0.0,
        "vignette": 0.2700000000000001,
        "chromatic_aberration": 0.4,
        "shadow_tint_color": "#000000",
        "shadow_tint_intensity": 0.0,
        "highlight_tint_color": "#FFFFFF",
        "highlight_tint_intensity": 0.0,
        "halation_intensity": 0.0
    },
    "Cyberpunk Blue Dream": {
        "brightness": 40.1,
        "contrast": 1.0,
        "saturation": 1.3500000000000003,
        "temperature": -4.6000000000000005,
        "tint": 0.0,
        "grain_intensity": 0.0,
        "lut_file": "Monos.cube",
        "lut_intensity": 0.4900000000000001,
        "enable_creative_effects": true,
        "vibrance": 0.7400000000000001,
        "hue_shift": -8.036344619355049,
        "clarity": 0.7600000000000001,
        "bloom": 0.0,
        "vignette": 0.2700000000000001,
        "chromatic_aberration": 0.0,
        "shadow_tint_color": "#547334",
        "shadow_tint_intensity": 0.39000000000000007,
        "highlight_tint_color": "#FFFFFF",
        "highlight_tint_intensity": 0.6300000000000001,
        "halation_intensity": 0.7000000000000002
    },
    "Cyberpunk Cyon Dream": {
        "brightness": 26.6,
        "contrast": 1.12,
        "saturation": 1.5100000000000002,
        "temperature": 1.4000000000000001,
        "tint": -1.7000000000000002,
        "grain_intensity": 0.0,
        "lut_file": "Sunlit Canvas 03.cube",
        "lut_intensity": 0.5900000000000001,
        "enable_creative_effects": false,
        "vibrance": -0.5300000000000001,
        "hue_shift": -1.9439782079468557,
        "clarity": 0.7600000000000001,
        "bloom": 0.0,
        "vignette": 0.56,
        "chromatic_aberration": 0.0,
        "shadow_tint_color": "#547334",
        "shadow_tint_intensity": 0.22000000000000003,
        "highlight_tint_color": "#FFFFFF",
        "highlight_tint_intensity": 0.17000000000000004,
        "halation_intensity": 0.05000000000000001
    },
    "ABSYNTH Natural Portrait": {
        "brightness": -16.5,
        "contrast": 1.0,
        "saturation": 1.0,
        "temperature": 0.0,
        "tint": 0.0,
        "grain_intensity": 0.0,
        "lut_file": "NaturalBoost.cube",
        "lut_intensity": 0.58,
        "enable_creative_effects": false,
        "vibrance": 0.0,
        "hue_shift": 0.0,
        "clarity": 0.59,
        "bloom": 0.0,
        "vignette": 0.0,
        "chromatic_aberration": 0.0,
        "shadow_tint_color": "#000000",
        "shadow_tint_intensity": 0.0,
        "highlight_tint_color": "#FFFFFF",
        "highlight_tint_intensity": 0.0,
        "halation_intensity": 0.0
    }
}