{
  "metadata": {
    "component": "processor",
    "hash": "501fbe1021eaf43675e06a8ab059bfc7",
    "product": "Serum2",
    "productVersion": "2.0.21",
    "url": "https://xferrecords.com/",
    "vendor": "Xfer Records",
    "version": 8.0
  },
  "data": {
    "Arp0": {
      "plainParams": "default"
    },
    "ArpClip0": {
      "clip": {},
      "plainParams": "default"
    },
    "ArpClip1": {
      "clip": {},
      "plainParams": "default"
    },
    "ArpClip10": {
      "clip": {},
      "plainParams": "default"
    },
    "ArpClip11": {
      "clip": {},
      "plainParams": "default"
    },
    "ArpClip2": {
      "clip": {},
      "plainParams": "default"
    },
    "ArpClip3": {
      "clip": {},
      "plainParams": "default"
    },
    "ArpClip4": {
      "clip": {},
      "plainParams": "default"
    },
    "ArpClip5": {
      "clip": {},
      "plainParams": "default"
    },
    "ArpClip6": {
      "clip": {},
      "plainParams": "default"
    },
    "ArpClip7": {
      "clip": {},
      "plainParams": "default"
    },
    "ArpClip8": {
      "clip": {},
      "plainParams": "default"
    },
    "ArpClip9": {
      "clip": {},
      "plainParams": "default"
    },
    "ClipPlayer0": {
      "plainParams": "default"
    },
    "Env0": {
      "plainParams": {
        "kParamAttack": 0.030124330411902597,
        "kParamCurve1": 40.00000059604645,
        "kParamCurve2": 60.00000238418579,
        "kParamCurve3": 60.00000238418579,
        "kParamRelease": 0.014700845522658545
      }
    },
    "Env1": {
      "plainParams": {
        "kParamAttack": 0.0005153631860372542,
        "kParamCurve1": 40.00000059604645,
        "kParamCurve2": 60.00000238418579,
        "kParamCurve3": 60.00000238418579,
        "kParamRelease": 0.014700845522658545
      }
    },
    "Env2": {
      "plainParams": {
        "kParamAttack": 0.0005153631860372542,
        "kParamCurve1": 40.00000059604645,
        "kParamCurve2": 60.00000238418579,
        "kParamCurve3": 60.00000238418579,
        "kParamRelease": 0.014700845522658545
      }
    },
    "Env3": {
      "plainParams": {
        "kParamVoiceStealRestart": 0.0
      }
    },
    "FXRack0": {
      "FX": [
        {
          "FXDelay": {
            "plainParams": {
              "kParamBW": 3.412235274910927,
              "kParamFeedback": 38.72019052505493,
              "kParamFreq": 14742.376019104599,
              "kParamMode": 1.0,
              "kParamOffsetL": 0.5,
              "kParamOffsetR": 0.5,
              "kParamTimeL": 0.04836420182928084,
              "kParamTimeR": 0.05564368273925226,
              "kParamWet": 50.47868490219116
            }
          },
          "type": 4
        },
        {
          "FXReverb": {
            "plainParams": {
              "kParamDelay": 0.0,
              "kParamFeedback": 45.19435465335846,
              "kParamFreq": 23.05372655391693,
              "kParamFreqB": 72.65452742576599,
              "kParamPreDelay": 0.026947883716331937,
              "kParamSize": 80.55516481399536,
              "kParamWet": 32.58538842201233,
              "kParamWidth": 100.0
            }
          },
          "type": 6
        },
        {
          "FXEQ": {
            "plainParams": {
              "kParamFreq1": 38.54832393790128,
              "kParamFreq2": 920.9354954396856,
              "kParamGain1": -19.129112005233765,
              "kParamGain2": 2.1052637100219727,
              "kParamReso1": 43.85245442390442,
              "kParamReso2": 42.978689074516296,
              "kParamType1": 2.0
            }
          },
          "type": 7
        }
      ],
      "plainParams": "default"
    },
    "FXRack1": {
      "FX": [],
      "plainParams": "default"
    },
    "FXRack2": {
      "FX": [],
      "plainParams": "default"
    },
    "Global0": {
      "plainParams": {
        "kParamLimitSameNotePolyphony": 1.0,
        "kParamMasterVolume": 0.2733729087381675,
        "kParamOversampling": 2.0,
        "kParamPolyCount": 16.0,
        "kParamS1Compatibility": 1.0
      }
    },
    "LFO0": {
      "curveData": {
        "curveVals": [
          0.4192323123707491,
          0.4999999701976776,
          0.4343405032859129,
          0.4412625975468579,
          0.4999999701976776,
          0.4999999701976776,
          0.4999999701976776,
          0.44597310879651236,
          0.4999999701976776,
          0.4999999701976776,
          0.4999999701976776,
          0.4999999701976776,
          0.43841906154856963,
          0.4999999701976776,
          0.00011485924615579207,
          0.4999999701976776,
          0.4999999701976776
        ],
        "loopbackPointNum": 65,
        "numPoints": 16,
        "xVals": [
          0.0,
          0.25,
          0.25,
          0.25,
          0.4728515625,
          0.48778211805555555,
          0.5,
          0.5,
          0.7359700520833333,
          0.7359700520833333,
          0.7359700520833333,
          0.75,
          0.75,
          1.0,
          1.0,
          1.0,
          1.0
        ],
        "yVals": [
          0.6029124540441176,
          1.0,
          0.9926183363970589,
          0.36026539522058826,
          1.0,
          1.0,
          1.0,
          0.19850068933823528,
          1.0,
          1.0,
          1.0,
          1.0,
          0.0,
          0.9985926011029411,
          0.9985926011029411,
          1.0,
          0.6029124540441176
        ]
      },
      "pathData": {},
      "plainParams": {
        "kParamDefaultMode": 0.0,
        "kParamMode": "Free",
        "kParamRate": 8.000176087865936
      }
    },
    "LFO1": {
      "curveData": {
        "curveVals": [
          0.21435536926283555,
          0.6509363213006187,
          0.5666934444623835,
          0.4999999701976776
        ],
        "loopbackPointNum": 65,
        "numPoints": 3,
        "xVals": [
          0.0,
          0.08233506944444445,
          0.5143012152777777,
          1.0
        ],
        "yVals": [
          1.0,
          0.0,
          1.0,
          1.0
        ]
      },
      "pathData": {},
      "plainParams": {
        "kParamDefaultMode": 0.0,
        "kParamMode": "Free"
      }
    },
    "LFO2": {
      "curveData": {
        "curveVals": [
          0.4999999701976776,
          0.4999999701976776,
          0.4999999701976776
        ],
        "loopbackPointNum": 65,
        "numPoints": 2,
        "xVals": [
          0.0,
          0.5,
          1.0
        ],
        "yVals": [
          1.0,
          0.0,
          1.0
        ]
      },
      "pathData": {},
      "plainParams": {
        "kParamBeatSync": 0.0,
        "kParamDefaultMode": 0.0,
        "kParamMode": "Free",
        "kParamRate": 1.536554642658049
      }
    },
    "LFO3": {
      "curveData": {
        "curveVals": [
          0.4999999701976776,
          0.4999999701976776,
          0.4999999701976776
        ],
        "loopbackPointNum": 65,
        "numPoints": 2,
        "xVals": [
          0.0,
          0.5,
          1.0
        ],
        "yVals": [
          1.0,
          0.0,
          1.0
        ]
      },
      "pathData": {},
      "plainParams": {
        "kParamDefaultMode": 0.0,
        "kParamMode": "Free"
      }
    },
    "LFO4": {
      "curveData": {},
      "pathData": {},
      "plainParams": {
        "kParamDefaultMode": 0.0,
        "kParamMode": "Free"
      }
    },
    "LFO5": {
      "curveData": {},
      "pathData": {},
      "plainParams": {
        "kParamDefaultMode": 0.0,
        "kParamMode": "Free"
      }
    },
    "LFO6": {
      "curveData": {},
      "pathData": {},
      "plainParams": {
        "kParamDefaultMode": 0.0,
        "kParamMode": "Free"
      }
    },
    "LFO7": {
      "curveData": {},
      "pathData": {},
      "plainParams": {
        "kParamDefaultMode": 0.0,
        "kParamMode": "Free"
      }
    },
    "LFO8": {
      "curveData": {},
      "pathData": {},
      "plainParams": {
        "kParamBeatSync": 0.0,
        "kParamDefaultMode": 0.0,
        "kParamDotted": 1.0,
        "kParamRate": 0.10000069729266844,
        "kParamRate10x": 1.0,
        "kParamTriplets": 1.0,
        "kParamType": "Lorenz"
      }
    },
    "LFO9": {
      "curveData": {},
      "pathData": {},
      "plainParams": {
        "kParamBeatSync": 0.0,
        "kParamDefaultMode": 0.0,
        "kParamDotted": 1.0,
        "kParamRate": 0.10000069729266844,
        "kParamRate10x": 1.0,
        "kParamTriplets": 1.0,
        "kParamType": "Rossler"
      }
    },
    "LFOPointModBus0": {
      "plainParams": "default"
    },
    "LFOPointModBus1": {
      "plainParams": "default"
    },
    "LFOPointModBus10": {
      "plainParams": "default"
    },
    "LFOPointModBus11": {
      "plainParams": "default"
    },
    "LFOPointModBus12": {
      "plainParams": "default"
    },
    "LFOPointModBus13": {
      "plainParams": "default"
    },
    "LFOPointModBus14": {
      "plainParams": "default"
    },
    "LFOPointModBus15": {
      "plainParams": "default"
    },
    "LFOPointModBus2": {
      "plainParams": "default"
    },
    "LFOPointModBus3": {
      "plainParams": "default"
    },
    "LFOPointModBus4": {
      "plainParams": "default"
    },
    "LFOPointModBus5": {
      "plainParams": "default"
    },
    "LFOPointModBus6": {
      "plainParams": "default"
    },
    "LFOPointModBus7": {
      "plainParams": "default"
    },
    "LFOPointModBus8": {
      "plainParams": "default"
    },
    "LFOPointModBus9": {
      "plainParams": "default"
    },
    "Macro0": {
      "plainParams": {
        "kParamValue": 100.0
      }
    },
    "Macro1": {
      "plainParams": {
        "kParamValue": 100.0
      }
    },
    "Macro2": {
      "plainParams": "default"
    },
    "Macro3": {
      "plainParams": "default"
    },
    "Macro4": {
      "plainParams": "default"
    },
    "Macro5": {
      "plainParams": "default"
    },
    "Macro6": {
      "plainParams": "default"
    },
    "Macro7": {
      "plainParams": "default"
    },
    "MidiClip0": {
      "clip": {},
      "plainParams": "default"
    },
    "MidiClip1": {
      "clip": {},
      "plainParams": "default"
    },
    "MidiClip10": {
      "clip": {},
      "plainParams": "default"
    },
    "MidiClip11": {
      "clip": {},
      "plainParams": "default"
    },
    "MidiClip2": {
      "clip": {},
      "plainParams": "default"
    },
    "MidiClip3": {
      "clip": {},
      "plainParams": "default"
    },
    "MidiClip4": {
      "clip": {},
      "plainParams": "default"
    },
    "MidiClip5": {
      "clip": {},
      "plainParams": "default"
    },
    "MidiClip6": {
      "clip": {},
      "plainParams": "default"
    },
    "MidiClip7": {
      "clip": {},
      "plainParams": "default"
    },
    "MidiClip8": {
      "clip": {},
      "plainParams": "default"
    },
    "MidiClip9": {
      "clip": {},
      "plainParams": "default"
    },
    "ModSlot0": {
      "destModuleID": 0,
      "destModuleParamID": 3,
      "destModuleParamName": "kParamFreq",
      "destModuleTypeString": "VoiceFilter",
      "plainParams": {
        "kParamAmount": 52.30262279510498
      },
      "source": [
        6,
        0
      ]
    },
    "ModSlot1": {
      "destModuleID": 0,
      "destModuleParamID": 1,
      "destModuleParamName": "kParamVolume",
      "destModuleTypeString": "Oscillator",
      "plainParams": {
        "kParamAmount": -15.006309747695923
      },
      "source": [
        7,
        25
      ]
    },
    "ModSlot10": {
      "destModuleID": 1,
      "destModuleParamID": 9,
      "destModuleParamName": "kParamRandomPhase",
      "destModuleTypeString": "WTOsc",
      "plainParams": {
        "kParamAmount": 100.0
      },
      "source": [
        26,
        0
      ]
    },
    "ModSlot11": {
      "plainParams": "default"
    },
    "ModSlot12": {
      "plainParams": "default"
    },
    "ModSlot13": {
      "plainParams": "default"
    },
    "ModSlot14": {
      "plainParams": "default"
    },
    "ModSlot15": {
      "plainParams": "default"
    },
    "ModSlot16": {
      "plainParams": "default"
    },
    "ModSlot17": {
      "plainParams": "default"
    },
    "ModSlot18": {
      "plainParams": "default"
    },
    "ModSlot19": {
      "plainParams": "default"
    },
    "ModSlot2": {
      "destModuleID": 0,
      "destModuleParamID": 3,
      "destModuleParamName": "kParamFreq",
      "destModuleTypeString": "VoiceFilter",
      "plainParams": {
        "kParamAmount": 47.647690773010254
      },
      "source": [
        1,
        0
      ]
    },
    "ModSlot20": {
      "plainParams": "default"
    },
    "ModSlot21": {
      "plainParams": "default"
    },
    "ModSlot22": {
      "plainParams": "default"
    },
    "ModSlot23": {
      "plainParams": "default"
    },
    "ModSlot24": {
      "plainParams": "default"
    },
    "ModSlot25": {
      "plainParams": "default"
    },
    "ModSlot26": {
      "plainParams": "default"
    },
    "ModSlot27": {
      "plainParams": "default"
    },
    "ModSlot28": {
      "plainParams": "default"
    },
    "ModSlot29": {
      "plainParams": "default"
    },
    "ModSlot3": {
      "destModuleID": 3,
      "destModuleParamID": 1,
      "destModuleParamName": "kParamVolume",
      "destModuleTypeString": "Oscillator",
      "plainParams": {
        "kParamAmount": -52.52707600593567
      },
      "source": [
        1,
        0
      ]
    },
    "ModSlot30": {
      "plainParams": "default"
    },
    "ModSlot31": {
      "plainParams": "default"
    },
    "ModSlot32": {
      "plainParams": "default"
    },
    "ModSlot33": {
      "plainParams": "default"
    },
    "ModSlot34": {
      "plainParams": "default"
    },
    "ModSlot35": {
      "plainParams": "default"
    },
    "ModSlot36": {
      "plainParams": "default"
    },
    "ModSlot37": {
      "plainParams": "default"
    },
    "ModSlot38": {
      "plainParams": "default"
    },
    "ModSlot39": {
      "plainParams": "default"
    },
    "ModSlot4": {
      "destModuleID": 3,
      "destModuleParamID": 1,
      "destModuleParamName": "kParamVolume",
      "destModuleTypeString": "Oscillator",
      "plainParams": {
        "kParamAmount": 49.68477487564087
      },
      "source": [
        6,
        25
      ]
    },
    "ModSlot40": {
      "plainParams": "default"
    },
    "ModSlot41": {
      "plainParams": "default"
    },
    "ModSlot42": {
      "plainParams": "default"
    },
    "ModSlot43": {
      "plainParams": "default"
    },
    "ModSlot44": {
      "plainParams": "default"
    },
    "ModSlot45": {
      "plainParams": "default"
    },
    "ModSlot46": {
      "plainParams": "default"
    },
    "ModSlot47": {
      "plainParams": "default"
    },
    "ModSlot48": {
      "plainParams": "default"
    },
    "ModSlot49": {
      "plainParams": "default"
    },
    "ModSlot5": {
      "destModuleID": 1,
      "destModuleParamID": 1,
      "destModuleParamName": "kParamVolume",
      "destModuleTypeString": "Oscillator",
      "plainParams": {
        "kParamAmount": -98.67393374443054
      },
      "source": [
        7,
        25
      ]
    },
    "ModSlot50": {
      "plainParams": "default"
    },
    "ModSlot51": {
      "plainParams": "default"
    },
    "ModSlot52": {
      "plainParams": "default"
    },
    "ModSlot53": {
      "plainParams": "default"
    },
    "ModSlot54": {
      "plainParams": "default"
    },
    "ModSlot55": {
      "plainParams": "default"
    },
    "ModSlot56": {
      "plainParams": "default"
    },
    "ModSlot57": {
      "plainParams": "default"
    },
    "ModSlot58": {
      "plainParams": "default"
    },
    "ModSlot59": {
      "plainParams": "default"
    },
    "ModSlot6": {
      "destModuleID": 0,
      "destModuleParamID": 1,
      "destModuleParamName": "kParamWet",
      "destModuleTypeString": "FXDelay",
      "plainParams": {
        "kParamAmount": -18.875765800476074,
        "kParamBypass": 1.0
      },
      "source": [
        6,
        0
      ]
    },
    "ModSlot60": {
      "plainParams": "default"
    },
    "ModSlot61": {
      "plainParams": "default"
    },
    "ModSlot62": {
      "plainParams": "default"
    },
    "ModSlot63": {
      "plainParams": "default"
    },
    "ModSlot7": {
      "destModuleID": 2,
      "destModuleParamID": 6,
      "destModuleParamName": "kParamGain2",
      "destModuleTypeString": "FXEQ",
      "plainParams": {
        "kParamAmount": 7.481026649475098
      },
      "source": [
        6,
        0
      ]
    },
    "ModSlot8": {
      "destModuleID": 0,
      "destModuleParamID": 1,
      "destModuleParamName": "kParamWet",
      "destModuleTypeString": "FXDelay",
      "plainParams": {
        "kParamAmount": -22.477048635482788
      },
      "source": [
        7,
        0
      ]
    },
    "ModSlot9": {
      "destModuleID": 0,
      "destModuleParamID": 9,
      "destModuleParamName": "kParamRandomPhase",
      "destModuleTypeString": "WTOsc",
      "plainParams": {
        "kParamAmount": 100.0
      },
      "source": [
        26,
        0
      ]
    },
    "Oscillator0": {
      "GranularOsc0": {
        "plainParams": "default"
      },
      "MultiSampleOsc0": {
        "plainParams": "default"
      },
      "SampleOsc0": {
        "plainParams": "default"
      },
      "SpectralOsc0": {
        "plainParams": "default"
      },
      "WTOsc0": {
        "flex": {
          "curveVals": [
            0.4999999701976776,
            0.4999999701976776
          ],
          "numPoints": 1,
          "xVals": [
            0.0,
            1.0
          ],
          "yVals": [
            1.0,
            0.0
          ]
        },
        "plainParams": {
          "kParamInitialPhase": 179.4449007511139,
          "kParamRandomPhase": 0.0
        }
      },
      "plainParams": {
        "kParamDetune": 0.24162494619801933,
        "kParamDetuneMode": "kDetuneExp",
        "kParamDetuneWid": 85.64282059669495,
        "kParamUnison": 8.0,
        "kParamVolume": 0.5309346932100176
      }
    },
    "Oscillator1": {
      "GranularOsc1": {
        "plainParams": "default"
      },
      "MultiSampleOsc1": {
        "plainParams": "default"
      },
      "SampleOsc1": {
        "plainParams": "default"
      },
      "SpectralOsc1": {
        "plainParams": "default"
      },
      "WTOsc1": {
        "flex": {
          "curveVals": [
            0.4999999701976776,
            0.4999999701976776
          ],
          "numPoints": 1,
          "xVals": [
            0.0,
            1.0
          ],
          "yVals": [
            1.0,
            0.0
          ]
        },
        "numChannels": 1,
        "numFrames": 14336,
        "plainParams": {
          "kParamRandomPhase": 0.0,
          "kParamTablePos": 129.36501598358154
        },
        "relativePathToWT": "Analog/Basic_Wrd.wav",
        "sampleRate": 44100
      },
      "plainParams": {
        "kParamDetune": 0.15696898588155594,
        "kParamDetuneMode": "kDetuneExp",
        "kParamEnable": 1.0,
        "kParamUnison": 6.0,
        "kParamVolume": 0.537622029668583
      }
    },
    "Oscillator2": {
      "GranularOsc2": {
        "plainParams": "default"
      },
      "MultiSampleOsc2": {
        "plainParams": "default"
      },
      "SampleOsc2": {
        "plainParams": "default"
      },
      "SpectralOsc2": {
        "plainParams": "default"
      },
      "WTOsc2": {
        "flex": {},
        "numChannels": 1,
        "numFrames": 18432,
        "plainParams": "default",
        "relativePathToWT": "S2 Tables/Default Shapes.wav",
        "sampleRate": 44100
      },
      "plainParams": "default"
    },
    "Oscillator3": {
      "NoiseOsc3": {
        "detuneFactor": 0.4758218478413068,
        "numChannels": 1,
        "numFrames": 68555,
        "plainParams": {
          "kParamColor": 0.5947779417037964
        },
        "relativePathToNoiseSample": "Analog/BrightWhite.wav",
        "sampleRate": 44100
      },
      "plainParams": {
        "kParamEnable": 1.0,
        "kParamVolume": 0.0
      }
    },
    "Oscillator4": {
      "SubOsc4": {
        "plainParams": {
          "kParamShape": "kSaw"
        }
      },
      "plainParams": {
        "kParamVolume": 0.5625
      }
    },
    "PitchQuantizer0": {
      "plainParams": "default",
      "scale": [
        0,
        2,
        0,
        2,
        0,
        0,
        2,
        0,
        2,
        0,
        2,
        0
      ],
      "scaleName": "Major"
    },
    "RetriggerState0": {
      "plainParams": "default"
    },
    "RoutingSlot0": {
      "plainParams": "default"
    },
    "RoutingSlot1": {
      "plainParams": {
        "kParamRoutingDest": "kRoutingDestFilter"
      }
    },
    "RoutingSlot2": {
      "plainParams": "default"
    },
    "RoutingSlot3": {
      "plainParams": {
        "kParamRoutingDest": "kRoutingDestFilter"
      }
    },
    "RoutingSlot4": {
      "plainParams": {
        "kParamRoutingDest": "kRoutingDestFilter"
      }
    },
    "RoutingSlot5": {
      "plainParams": "default"
    },
    "RoutingSlot6": {
      "plainParams": "default"
    },
    "VoiceFilter0": {
      "plainParams": {
        "kParamEnable": 1.0,
        "kParamFreq": 0.7301587301587301,
        "kParamReso": 0.0,
        "kParamVar": 13.84148895740509
      }
    },
    "VoiceFilter1": {
      "plainParams": "default"
    },
    "VoicePanel0": {
      "plainParams": "default"
    },
    "component": "processor",
    "lockOversampling": false,
    "lockTuning": false,
    "mpeConfig": 0,
    "mpeEnabled": false,
    "mpePitchBendRange": 48,
    "product": "Serum2",
    "productVersion": "2.0.21",
    "scalars": {
      "note": {
        "curveVals": [
          0.4999999701976776,
          0.4999999701976776
        ],
        "legato": false,
        "numPoints": 1,
        "xVals": [
          0.0,
          1.0
        ],
        "yVals": [
          1.0,
          0.0
        ]
      },
      "velo": {
        "curveVals": [
          0.4999999701976776,
          0.4999999701976776
        ],
        "legato": false,
        "numPoints": 1,
        "xVals": [
          0.0,
          1.0
        ],
        "yVals": [
          1.0,
          0.0
        ]
      }
    },
    "tags": [
      "Wavetable",
      "Poly"
    ],
    "url": "https://xferrecords.com/",
    "vendor": "Xfer Records",
    "version": 8.0
  }
}